/*-------------------------------------------------------------*\
|			Fake data insert Script			|
|---------------------------------------------------------------|
|	Gemaakt door: 	Cumali Karakoç,				|
|			Simon van Noppen,			|
|			Henkie van den Oord,			|
|			Jeroen Rikken,				|
|			Rico Salemon				|
|	Versie:		1.0					|
|	Gemaakt op:	5/7/2019 13:42				|
\*-------------------------------------------------------------*/

/* This fake insert script only works if the date standard is set to month/day/year */
delete from animal_parent;
delete from animal_is_diagnosed;
delete from animal_visits_vet;
delete from prescription;
delete from diagnosis;
delete from vet;
delete from offspring;
delete from mating;
delete from spotted;
delete from exchange;
delete from reintroduction;
delete from animal_enclosure;
delete from feeding;
delete from animal;
delete from species_gender;
delete from species;
delete from stock;
delete from enclosure;
delete from area_keeper;
delete from area;
delete from keeper;
delete from line_item;
update "ORDER" set state = 'Placed', invoice_id = null;
delete from discrepancy;
delete from delivery;
delete from "ORDER";
delete from invoice;
delete from supplies_food_type;
delete from food_kind;
delete from supplier;

insert into supplier (supplier_name, Phone_number, Address) values ('Nolan-Bechtelar', '648-895-3512', '40 Maple Wood Court');
insert into supplier (supplier_name, Phone_number, Address) values ('Carter Inc', '451-906-9894', '9 Independence Junction');
insert into supplier (supplier_name, Phone_number, Address) values ('O''Hara and Sons', '256-266-9243', '72 Lake View Way');
insert into supplier (supplier_name, Phone_number, Address) values ('Dibbert-Schuster', '485-936-1280', '47314 Merchant Street');
insert into supplier (supplier_name, Phone_number, Address) values ('Runte Kuphal and Tremblay', '275-566-4012', '6 Westport Point');
insert into supplier (supplier_name, Phone_number, Address) values ('Upton-Hackett', '642-422-1184', '4064 Briar Crest Point');
insert into supplier (supplier_name, Phone_number, Address) values ('Konopelski Lowe and Zulauf', '320-482-4867', '080 Cordelia Circle');
insert into supplier (supplier_name, Phone_number, Address) values ('Cronin Stehr and Dooley', '414-385-7352', '588 Bayside Lane');
insert into supplier (supplier_name, Phone_number, Address) values ('Mayer Runte and Gibson', '105-801-9606', '48323 Burrows Pass');
insert into supplier (supplier_name, Phone_number, Address) values ('Schiller Lemke and Walker', '659-396-5781', '873 Menomonie Lane');
insert into supplier (supplier_name, Phone_number, Address) values ('O''Connell Monahan and Zemlak', '849-696-1371', '0 Fieldstone Hill');
insert into supplier (supplier_name, Phone_number, Address) values ('Walter-Hagenes', '325-850-6678', '900 Bellgrove Way');
insert into supplier (supplier_name, Phone_number, Address) values ('Stracke Cassin and Frami', '665-301-5764', '8 Swallow Court');
insert into supplier (supplier_name, Phone_number, Address) values ('Waters-Pacocha', '792-942-8777', '0374 6th Plaza');
insert into supplier (supplier_name, Phone_number, Address) values ('Prosacco-Yundt', '619-557-6553', '401 Basil Trail');
insert into supplier (supplier_name, Phone_number, Address) values ('Auer Inc', '395-691-3512', '2590 Dapin Point');
insert into supplier (supplier_name, Phone_number, Address) values ('Hamill LLC', '939-549-5683', '51864 Twin Pines Road');
insert into supplier (supplier_name, Phone_number, Address) values ('Carter Group', '927-544-2185', '64 Hoard Plaza');
insert into supplier (supplier_name, Phone_number, Address) values ('Kshlerin Inc', '480-735-3135', '32 Debra Terrace');
insert into supplier (supplier_name, Phone_number, Address) values ('Denesik Gerhold and Fisher', '819-872-0773', '7528 Westridge Trail');

insert into food_kind values
('Bananas'),
('Straw'),
('Beans'),
('Yoghurt'),
('Meat'),
('Milk');

insert into supplies_food_type (food_type, supplier_name) values ('Milk', 'Nolan-Bechtelar');
insert into supplies_food_type (food_type, supplier_name) values ('Beans', 'Auer Inc');
insert into supplies_food_type (food_type, supplier_name) values ('Yoghurt', 'Hamill LLC');
insert into supplies_food_type (food_type, supplier_name) values ('Meat', 'Denesik Gerhold and Fisher');
insert into supplies_food_type (food_type, supplier_name) values ('Bananas', 'Nolan-Bechtelar');
insert into supplies_food_type (food_type, supplier_name) values ('Bananas', 'Carter Group');
insert into supplies_food_type (food_type, supplier_name) values ('Yoghurt', 'Waters-Pacocha');
insert into supplies_food_type (food_type, supplier_name) values ('Milk', 'Kshlerin Inc');
insert into supplies_food_type (food_type, supplier_name) values ('Meat', 'Nolan-Bechtelar');
insert into supplies_food_type (food_type, supplier_name) values ('Beans', 'Kshlerin Inc');
insert into supplies_food_type (food_type, supplier_name) values ('Bananas', 'O''Connell Monahan and Zemlak');
insert into supplies_food_type (food_type, supplier_name) values ('Bananas', 'O''Hara and Sons');
insert into supplies_food_type (food_type, supplier_name) values ('Beans', 'Carter Inc');
insert into supplies_food_type (food_type, supplier_name) values ('Bananas', 'Hamill LLC');
insert into supplies_food_type (food_type, supplier_name) values ('Yoghurt', 'Schiller Lemke and Walker');
insert into supplies_food_type (food_type, supplier_name) values ('Meat', 'O''Hara and Sons');
insert into supplies_food_type (food_type, supplier_name) values ('Straw', 'Denesik Gerhold and Fisher');
insert into supplies_food_type (food_type, supplier_name) values ('Bananas', 'Carter Inc');
insert into supplies_food_type (food_type, supplier_name) values ('Meat', 'Kshlerin Inc');
insert into supplies_food_type (food_type, supplier_name) values ('Straw', 'Kshlerin Inc');
insert into supplies_food_type (food_type, supplier_name) values ('Bananas', 'Prosacco-Yundt');
insert into supplies_food_type (food_type, supplier_name) values ('Bananas', 'Cronin Stehr and Dooley');
insert into supplies_food_type (food_type, supplier_name) values ('Yoghurt', 'O''Connell Monahan and Zemlak');
insert into supplies_food_type (food_type, supplier_name) values ('Meat', 'Upton-Hackett');
insert into supplies_food_type (food_type, supplier_name) values ('Straw', 'Runte Kuphal and Tremblay');
insert into supplies_food_type (food_type, supplier_name) values ('Milk', 'Hamill LLC');
insert into supplies_food_type (food_type, supplier_name) values ('Yoghurt', 'Stracke Cassin and Frami');
insert into supplies_food_type (food_type, supplier_name) values ('Milk', 'Prosacco-Yundt');
insert into supplies_food_type (food_type, supplier_name) values ('Meat', 'Walter-Hagenes');
insert into supplies_food_type (food_type, supplier_name) values ('Bananas', 'Denesik Gerhold and Fisher');
insert into supplies_food_type (food_type, supplier_name) values ('Milk', 'O''Connell Monahan and Zemlak');
insert into supplies_food_type (food_type, supplier_name) values ('Bananas', 'Auer Inc');
insert into supplies_food_type (food_type, supplier_name) values ('Straw', 'Dibbert-Schuster');
insert into supplies_food_type (food_type, supplier_name) values ('Meat', 'Stracke Cassin and Frami');
insert into supplies_food_type (food_type, supplier_name) values ('Straw', 'O''Hara and Sons');
insert into supplies_food_type (food_type, supplier_name) values ('Bananas', 'Waters-Pacocha');
insert into supplies_food_type (food_type, supplier_name) values ('Milk', 'Schiller Lemke and Walker');
insert into supplies_food_type (food_type, supplier_name) values ('Straw', 'O''Connell Monahan and Zemlak');
insert into supplies_food_type (food_type, supplier_name) values ('Meat', 'Schiller Lemke and Walker');
insert into supplies_food_type (food_type, supplier_name) values ('Meat', 'Carter Group');

insert into invoice (invoice_id) values (1);
insert into invoice (invoice_id) values (2);
insert into invoice (invoice_id) values (3);
insert into invoice (invoice_id) values (4);
insert into invoice (invoice_id) values (5);
insert into invoice (invoice_id) values (6);
insert into invoice (invoice_id) values (7);
insert into invoice (invoice_id) values (8);
insert into invoice (invoice_id) values (9);
insert into invoice (invoice_id) values (10);
insert into invoice (invoice_id) values (11);
insert into invoice (invoice_id) values (12);
insert into invoice (invoice_id) values (13);
insert into invoice (invoice_id) values (14);
insert into invoice (invoice_id) values (15);
insert into invoice (invoice_id) values (16);
insert into invoice (invoice_id) values (17);
insert into invoice (invoice_id) values (18);
insert into invoice (invoice_id) values (19);
insert into invoice (invoice_id) values (20);
insert into invoice (invoice_id) values (21);
insert into invoice (invoice_id) values (22);
insert into invoice (invoice_id) values (23);
insert into invoice (invoice_id) values (24);
insert into invoice (invoice_id) values (25);


insert into "ORDER" (order_id, supplier_name, State, order_date) values (1, 'Nolan-Bechtelar', 'Placed', '6/13/2018');
insert into "ORDER" (order_id, supplier_name, State, order_date) values (2, 'O''Connell Monahan and Zemlak', 'Placed', '4/2/2019');
insert into "ORDER" (order_id, supplier_name, State, order_date) values (3, 'Mayer Runte and Gibson', 'Placed', '11/19/2018');
insert into "ORDER" (order_id, supplier_name, State, order_date) values (4, 'Dibbert-Schuster', 'Placed', '11/23/2018');
insert into "ORDER" (order_id, supplier_name, State, order_date) values (5, 'Walter-Hagenes', 'Placed', '3/27/2019');
insert into "ORDER" (order_id, supplier_name, State, order_date) values (6, 'Carter Inc', 'Placed', '4/10/2019');
insert into "ORDER" (order_id, supplier_name, State, order_date) values (7, 'Walter-Hagenes', 'Placed', '11/24/2018');
insert into "ORDER" (order_id, supplier_name, State, order_date) values (8, 'Waters-Pacocha', 'Placed', '7/22/2018');
insert into "ORDER" (order_id, supplier_name, State, order_date) values (9, 'Cronin Stehr and Dooley', 'Placed', '9/24/2018');
insert into "ORDER" (order_id, supplier_name, State, order_date) values (10, 'Konopelski Lowe and Zulauf', 'Placed', '4/7/2019');
insert into "ORDER" (order_id, supplier_name, State, order_date) values (11, 'O''Hara and Sons', 'Placed', '6/10/2018');
insert into "ORDER" (order_id, supplier_name, State, order_date) values (12, 'Mayer Runte and Gibson', 'Placed', '3/10/2019');
insert into "ORDER" (order_id, supplier_name, State, order_date) values (13, 'Hamill LLC', 'Placed', '3/4/2019');
insert into "ORDER" (order_id, supplier_name, State, order_date) values (14, 'Konopelski Lowe and Zulauf', 'Placed', '6/30/2018');
insert into "ORDER" (order_id, supplier_name, State, order_date) values (15, 'Waters-Pacocha', 'Placed', '3/7/2019');
insert into "ORDER" (order_id, supplier_name, State, order_date) values (16, 'Hamill LLC', 'Placed', '8/3/2018');
insert into "ORDER" (order_id, supplier_name, State, order_date) values (17, 'Carter Group', 'Placed', '9/26/2018');
insert into "ORDER" (order_id, supplier_name, State, order_date) values (18, 'Walter-Hagenes', 'Placed', '4/25/2019');
insert into "ORDER" (order_id, supplier_name, State, order_date) values (19, 'Konopelski Lowe and Zulauf', 'Placed', '3/4/2019');
insert into "ORDER" (order_id, supplier_name, State, order_date) values (20, 'Stracke Cassin and Frami', 'Placed', '11/10/2018');
insert into "ORDER" (order_id, supplier_name, State, order_date) values (21, 'Runte Kuphal and Tremblay', 'Placed', '1/17/2019');
insert into "ORDER" (order_id, supplier_name, State, order_date) values (22, 'Upton-Hackett', 'Placed', '6/24/2018');
insert into "ORDER" (order_id, supplier_name, State, order_date) values (23, 'Dibbert-Schuster', 'Placed', '3/17/2019');
insert into "ORDER" (order_id, supplier_name, State, order_date) values (24, 'Runte Kuphal and Tremblay', 'Placed', '6/14/2018');
insert into "ORDER" (order_id, supplier_name, State, order_date) values (25, 'Cronin Stehr and Dooley', 'Placed', '6/14/2018');
insert into "ORDER" (order_id, supplier_name, State, order_date) values (26, 'Prosacco-Yundt', 'Placed', '7/15/2018');
insert into "ORDER" (order_id, supplier_name, State, order_date) values (27, 'Kshlerin Inc', 'Placed', '1/4/2019');
insert into "ORDER" (order_id, supplier_name, State, order_date) values (28, 'Dibbert-Schuster', 'Placed', '8/27/2018');
insert into "ORDER" (order_id, supplier_name, State, order_date) values (29, 'Prosacco-Yundt', 'Placed', '8/26/2018');
insert into "ORDER" (order_id, supplier_name, State, order_date) values (30, 'Prosacco-Yundt', 'Placed', '12/10/2018');
insert into "ORDER" (order_id, supplier_name, State, order_date) values (31, 'Carter Group', 'Placed', '8/9/2018');
insert into "ORDER" (order_id, supplier_name, State, order_date) values (32, 'Runte Kuphal and Tremblay', 'Placed', '7/11/2018');
insert into "ORDER" (order_id, supplier_name, State, order_date) values (33, 'Prosacco-Yundt', 'Placed', '8/1/2018');
insert into "ORDER" (order_id, supplier_name, State, order_date) values (34, 'Cronin Stehr and Dooley', 'Placed', '3/18/2019');
insert into "ORDER" (order_id, supplier_name, State, order_date) values (35, 'Hamill LLC', 'Placed', '11/21/2018');
insert into "ORDER" (order_id, supplier_name, State, order_date) values (36, 'O''Hara and Sons', 'Placed', '7/16/2018');
insert into "ORDER" (order_id, supplier_name, State, order_date) values (37, 'Carter Group', 'Placed', '10/16/2018');
insert into "ORDER" (order_id, supplier_name, State, order_date) values (38, 'Nolan-Bechtelar', 'Placed', '3/6/2019');
insert into "ORDER" (order_id, supplier_name, State, order_date) values (39, 'Denesik Gerhold and Fisher', 'Placed', '1/18/2019');
insert into "ORDER" (order_id, supplier_name, State, order_date) values (40, 'Auer Inc', 'Placed', '8/10/2018');
insert into "ORDER" (order_id, supplier_name, State, order_date) values (41, 'Stracke Cassin and Frami', 'Placed', '9/4/2018');
insert into "ORDER" (order_id, supplier_name, State, order_date) values (42, 'Carter Inc', 'Placed', '9/4/2018');
insert into "ORDER" (order_id, supplier_name, State, order_date) values (43, 'Auer Inc', 'Placed', '9/19/2018');
insert into "ORDER" (order_id, supplier_name, State, order_date) values (44, 'Waters-Pacocha', 'Placed', '5/16/2019');
insert into "ORDER" (order_id, supplier_name, State, order_date) values (45, 'Auer Inc', 'Placed', '1/5/2019');
insert into "ORDER" (order_id, supplier_name, State, order_date) values (46, 'Denesik Gerhold and Fisher', 'Placed', '7/14/2018');
insert into "ORDER" (order_id, supplier_name, State, order_date) values (47, 'Dibbert-Schuster', 'Placed', '6/6/2018');
insert into "ORDER" (order_id, supplier_name, State, order_date) values (48, 'Carter Inc', 'Placed', '7/30/2018');
insert into "ORDER" (order_id, supplier_name, State, order_date) values (49, 'Nolan-Bechtelar', 'Placed', '2/2/2019');
insert into "ORDER" (order_id, supplier_name, State, order_date) values (50, 'Nolan-Bechtelar', 'Placed', '9/7/2018');
insert into "ORDER" (order_id, supplier_name, State, order_date) values (51, 'Walter-Hagenes', 'Placed', '5/10/2019');
insert into "ORDER" (order_id, supplier_name, State, order_date) values (52, 'Schiller Lemke and Walker', 'Placed', '8/25/2018');
insert into "ORDER" (order_id, supplier_name, State, order_date) values (53, 'Dibbert-Schuster', 'Placed', '12/6/2018');
insert into "ORDER" (order_id, supplier_name, State, order_date) values (54, 'Cronin Stehr and Dooley', 'Placed', '9/24/2018');
insert into "ORDER" (order_id, supplier_name, State, order_date) values (55, 'Hamill LLC', 'Placed', '12/6/2018');
insert into "ORDER" (order_id, supplier_name, State, order_date) values (56, 'Waters-Pacocha', 'Placed', '7/24/2018');
insert into "ORDER" (order_id, supplier_name, State, order_date) values (57, 'O''Connell Monahan and Zemlak', 'Placed', '7/7/2018');
insert into "ORDER" (order_id, supplier_name, State, order_date) values (58, 'Prosacco-Yundt', 'Placed', '1/31/2019');
insert into "ORDER" (order_id, supplier_name, State, order_date) values (59, 'Schiller Lemke and Walker', 'Placed', '2/20/2019');
insert into "ORDER" (order_id, supplier_name, State, order_date) values (60, 'Mayer Runte and Gibson', 'Placed', '3/8/2019');
insert into "ORDER" (order_id, supplier_name, State, order_date) values (61, 'Cronin Stehr and Dooley', 'Placed', '9/24/2018');
insert into "ORDER" (order_id, supplier_name, State, order_date) values (62, 'Carter Inc', 'Placed', '9/25/2018');
insert into "ORDER" (order_id, supplier_name, State, order_date) values (63, 'Auer Inc', 'Placed', '10/2/2018');
insert into "ORDER" (order_id, supplier_name, State, order_date) values (64, 'Denesik Gerhold and Fisher', 'Placed', '6/19/2018');
insert into "ORDER" (order_id, supplier_name, State, order_date) values (65, 'O''Connell Monahan and Zemlak', 'Placed', '6/20/2018');
insert into "ORDER" (order_id, supplier_name, State, order_date) values (66, 'Runte Kuphal and Tremblay', 'Placed', '3/31/2019');
insert into "ORDER" (order_id, supplier_name, State, order_date) values (67, 'Carter Inc', 'Placed', '12/11/2018');
insert into "ORDER" (order_id, supplier_name, State, order_date) values (68, 'Waters-Pacocha', 'Placed', '11/27/2018');
insert into "ORDER" (order_id, supplier_name, State, order_date) values (69, 'Upton-Hackett', 'Placed', '11/13/2018');
insert into "ORDER" (order_id, supplier_name, State, order_date) values (70, 'Carter Inc', 'Placed', '10/25/2018');
insert into "ORDER" (order_id, supplier_name, State, order_date) values (71, 'Mayer Runte and Gibson', 'Placed', '12/29/2018');
insert into "ORDER" (order_id, supplier_name, State, order_date) values (72, 'O''Hara and Sons', 'Placed', '12/3/2018');
insert into "ORDER" (order_id, supplier_name, State, order_date) values (73, 'Dibbert-Schuster', 'Placed', '5/10/2019');
insert into "ORDER" (order_id, supplier_name, State, order_date) values (74, 'Runte Kuphal and Tremblay', 'Placed', '9/5/2018');
insert into "ORDER" (order_id, supplier_name, State, order_date) values (75, 'Runte Kuphal and Tremblay', 'Placed', '1/11/2019');
insert into "ORDER" (order_id, supplier_name, State, order_date) values (76, 'Kshlerin Inc', 'Placed', '10/19/2018');
insert into "ORDER" (order_id, supplier_name, State, order_date) values (77, 'O''Hara and Sons', 'Placed', '6/9/2018');
insert into "ORDER" (order_id, supplier_name, State, order_date) values (78, 'Cronin Stehr and Dooley', 'Placed', '3/30/2019');
insert into "ORDER" (order_id, supplier_name, State, order_date) values (79, 'Schiller Lemke and Walker', 'Placed', '9/26/2018');
insert into "ORDER" (order_id, supplier_name, State, order_date) values (80, 'Carter Group', 'Placed', '8/6/2018');
insert into "ORDER" (order_id, supplier_name, State, order_date) values (81, 'Nolan-Bechtelar', 'Placed', '3/23/2019');
insert into "ORDER" (order_id, supplier_name, State, order_date) values (82, 'Auer Inc', 'Placed', '2/1/2019');
insert into "ORDER" (order_id, supplier_name, State, order_date) values (83, 'Walter-Hagenes', 'Placed', '2/1/2019');
insert into "ORDER" (order_id, supplier_name, State, order_date) values (84, 'Konopelski Lowe and Zulauf', 'Placed', '12/29/2018');
insert into "ORDER" (order_id, supplier_name, State, order_date) values (85, 'Stracke Cassin and Frami', 'Placed', '9/24/2018');
insert into "ORDER" (order_id, supplier_name, State, order_date) values (86, 'Schiller Lemke and Walker', 'Placed', '5/19/2019');
insert into "ORDER" (order_id, supplier_name, State, order_date) values (87, 'Dibbert-Schuster', 'Placed', '3/18/2019');
insert into "ORDER" (order_id, supplier_name, State, order_date) values (88, 'Mayer Runte and Gibson', 'Placed', '12/18/2018');
insert into "ORDER" (order_id, supplier_name, State, order_date) values (89, 'Carter Group', 'Placed', '1/25/2019');
insert into "ORDER" (order_id, supplier_name, State, order_date) values (90, 'Runte Kuphal and Tremblay', 'Placed', '9/16/2018');
insert into "ORDER" (order_id, supplier_name, State, order_date) values (91, 'Cronin Stehr and Dooley', 'Placed', '6/26/2018');
insert into "ORDER" (order_id, supplier_name, State, order_date) values (92, 'Konopelski Lowe and Zulauf', 'Placed', '12/8/2018');
insert into "ORDER" (order_id, supplier_name, State, order_date) values (93, 'Kshlerin Inc', 'Placed', '6/9/2018');
insert into "ORDER" (order_id, supplier_name, State, order_date) values (94, 'Dibbert-Schuster', 'Placed', '2/26/2019');
insert into "ORDER" (order_id, supplier_name, State, order_date) values (95, 'Hamill LLC', 'Placed', '11/30/2018');
insert into "ORDER" (order_id, supplier_name, State, order_date) values (96, 'Schiller Lemke and Walker', 'Placed', '12/1/2018');
insert into "ORDER" (order_id, supplier_name, State, order_date) values (97, 'Kshlerin Inc', 'Placed', '1/10/2019');
insert into "ORDER" (order_id, supplier_name, State, order_date) values (98, 'Runte Kuphal and Tremblay', 'Placed', '8/10/2018');
insert into "ORDER" (order_id, supplier_name, State, order_date) values (99, 'O''Hara and Sons', 'Placed', '11/14/2018');
insert into "ORDER" (order_id, supplier_name, State, order_date) values (100, 'O''Connell Monahan and Zemlak', 'Placed', '5/3/2019');

insert into line_item (order_id, food_type, price, weight) values (76, 'Bananas', 28.14, 43.064);
insert into line_item (order_id, food_type, price, weight) values (13, 'Beans', 11.12, 39.846);
insert into line_item (order_id, food_type, price, weight) values (99, 'Milk', 53.22, 34.366);
insert into line_item (order_id, food_type, price, weight) values (45, 'Milk', 83.61, 83.237);
insert into line_item (order_id, food_type, price, weight) values (67, 'Bananas', 56.0, 52.828);
insert into line_item (order_id, food_type, price, weight) values (11, 'Bananas', 96.38, 67.813);
insert into line_item (order_id, food_type, price, weight) values (19, 'Beans', 58.22, 83.441);
insert into line_item (order_id, food_type, price, weight) values (75, 'Meat', 88.5, 83.081);
insert into line_item (order_id, food_type, price, weight) values (30, 'Meat', 73.62, 20.666);
insert into line_item (order_id, food_type, price, weight) values (94, 'Milk', 98.33, 27.014);
insert into line_item (order_id, food_type, price, weight) values (94, 'Meat', 59.64, 49.766);
insert into line_item (order_id, food_type, price, weight) values (54, 'Beans', 22.98, 70.526);
insert into line_item (order_id, food_type, price, weight) values (16, 'Bananas', 73.93, 26.125);
insert into line_item (order_id, food_type, price, weight) values (81, 'Beans', 91.24, 27.008);
insert into line_item (order_id, food_type, price, weight) values (65, 'Bananas', 94.48, 30.595);
insert into line_item (order_id, food_type, price, weight) values (66, 'Straw', 25.56, 67.859);
insert into line_item (order_id, food_type, price, weight) values (3, 'Beans', 67.37, 64.625);
insert into line_item (order_id, food_type, price, weight) values (37, 'Beans', 56.28, 29.898);
insert into line_item (order_id, food_type, price, weight) values (91, 'Meat', 64.55, 82.593);
insert into line_item (order_id, food_type, price, weight) values (18, 'Bananas', 23.66, 75.758);
insert into line_item (order_id, food_type, price, weight) values (60, 'Straw', 71.75, 72.738);
insert into line_item (order_id, food_type, price, weight) values (11, 'Beans', 87.35, 41.163);
insert into line_item (order_id, food_type, price, weight) values (3, 'Meat', 65.98, 33.879);
insert into line_item (order_id, food_type, price, weight) values (65, 'Yoghurt', 33.39, 45.569);
insert into line_item (order_id, food_type, price, weight) values (51, 'Bananas', 13.3, 75.719);
insert into line_item (order_id, food_type, price, weight) values (10, 'Straw', 28.02, 92.261);
insert into line_item (order_id, food_type, price, weight) values (28, 'Yoghurt', 27.1, 66.117);
insert into line_item (order_id, food_type, price, weight) values (55, 'Yoghurt', 89.89, 42.972);
insert into line_item (order_id, food_type, price, weight) values (17, 'Beans', 96.68, 56.159);
insert into line_item (order_id, food_type, price, weight) values (56, 'Meat', 39.55, 23.876);
insert into line_item (order_id, food_type, price, weight) values (22, 'Milk', 79.96, 41.484);
insert into line_item (order_id, food_type, price, weight) values (50, 'Milk', 37.75, 20.02);
insert into line_item (order_id, food_type, price, weight) values (6, 'Straw', 52.17, 36.095);
insert into line_item (order_id, food_type, price, weight) values (42, 'Milk', 92.44, 75.948);
insert into line_item (order_id, food_type, price, weight) values (74, 'Milk', 51.24, 71.424);
insert into line_item (order_id, food_type, price, weight) values (17, 'Meat', 13.16, 29.731);
insert into line_item (order_id, food_type, price, weight) values (80, 'Straw', 43.79, 67.555);
insert into line_item (order_id, food_type, price, weight) values (77, 'Yoghurt', 70.34, 39.082);
insert into line_item (order_id, food_type, price, weight) values (7, 'Milk', 20.96, 96.767);
insert into line_item (order_id, food_type, price, weight) values (92, 'Milk', 87.31, 87.33);
insert into line_item (order_id, food_type, price, weight) values (11, 'Straw', 19.72, 84.666);
insert into line_item (order_id, food_type, price, weight) values (64, 'Bananas', 96.07, 37.083);
insert into line_item (order_id, food_type, price, weight) values (32, 'Straw', 58.99, 47.194);
insert into line_item (order_id, food_type, price, weight) values (30, 'Straw', 81.07, 62.412);
insert into line_item (order_id, food_type, price, weight) values (89, 'Yoghurt', 18.69, 74.425);
insert into line_item (order_id, food_type, price, weight) values (61, 'Bananas', 79.45, 70.895);
insert into line_item (order_id, food_type, price, weight) values (73, 'Yoghurt', 52.35, 62.865);
insert into line_item (order_id, food_type, price, weight) values (33, 'Beans', 56.38, 86.253);
insert into line_item (order_id, food_type, price, weight) values (56, 'Milk', 73.06, 77.232);
insert into line_item (order_id, food_type, price, weight) values (89, 'Bananas', 85.62, 69.876);
insert into line_item (order_id, food_type, price, weight) values (83, 'Milk', 84.95, 30.212);
insert into line_item (order_id, food_type, price, weight) values (77, 'Meat', 96.92, 82.337);
insert into line_item (order_id, food_type, price, weight) values (24, 'Meat', 80.52, 99.795);
insert into line_item (order_id, food_type, price, weight) values (48, 'Yoghurt', 66.81, 96.557);
insert into line_item (order_id, food_type, price, weight) values (81, 'Bananas', 29.89, 78.342);
insert into line_item (order_id, food_type, price, weight) values (70, 'Beans', 52.52, 34.808);
insert into line_item (order_id, food_type, price, weight) values (16, 'Milk', 40.21, 58.372);
insert into line_item (order_id, food_type, price, weight) values (46, 'Straw', 29.24, 52.299);
insert into line_item (order_id, food_type, price, weight) values (86, 'Bananas', 26.17, 29.379);
insert into line_item (order_id, food_type, price, weight) values (49, 'Yoghurt', 55.7, 86.91);
insert into line_item (order_id, food_type, price, weight) values (40, 'Beans', 50.41, 38.624);
insert into line_item (order_id, food_type, price, weight) values (88, 'Milk', 16.87, 54.977);
insert into line_item (order_id, food_type, price, weight) values (22, 'Straw', 30.47, 73.129);
insert into line_item (order_id, food_type, price, weight) values (95, 'Beans', 64.68, 20.274);
insert into line_item (order_id, food_type, price, weight) values (79, 'Straw', 90.6, 61.924);
insert into line_item (order_id, food_type, price, weight) values (95, 'Straw', 86.93, 80.874);
insert into line_item (order_id, food_type, price, weight) values (80, 'Beans', 67.7, 43.939);
insert into line_item (order_id, food_type, price, weight) values (50, 'Beans', 93.4, 87.052);
insert into line_item (order_id, food_type, price, weight) values (29, 'Straw', 14.15, 77.926);
insert into line_item (order_id, food_type, price, weight) values (80, 'Milk', 41.37, 78.304);
insert into line_item (order_id, food_type, price, weight) values (3, 'Straw', 81.37, 73.407);
insert into line_item (order_id, food_type, price, weight) values (85, 'Beans', 17.36, 58.817);
insert into line_item (order_id, food_type, price, weight) values (66, 'Milk', 75.29, 69.635);
insert into line_item (order_id, food_type, price, weight) values (35, 'Meat', 92.41, 54.906);
insert into line_item (order_id, food_type, price, weight) values (93, 'Bananas', 73.0, 59.722);
insert into line_item (order_id, food_type, price, weight) values (68, 'Bananas', 36.56, 76.16);
insert into line_item (order_id, food_type, price, weight) values (19, 'Bananas', 19.92, 85.677);
insert into line_item (order_id, food_type, price, weight) values (17, 'Straw', 31.45, 61.009);
insert into line_item (order_id, food_type, price, weight) values (4, 'Milk', 71.67, 41.826);
insert into line_item (order_id, food_type, price, weight) values (11, 'Milk', 46.77, 23.806);
insert into line_item (order_id, food_type, price, weight) values (20, 'Yoghurt', 79.19, 67.445);
insert into line_item (order_id, food_type, price, weight) values (39, 'Yoghurt', 47.52, 37.221);
insert into line_item (order_id, food_type, price, weight) values (5, 'Meat', 23.32, 55.315);
insert into line_item (order_id, food_type, price, weight) values (12, 'Milk', 26.17, 76.483);
insert into line_item (order_id, food_type, price, weight) values (31, 'Bananas', 17.97, 38.753);
insert into line_item (order_id, food_type, price, weight) values (41, 'Milk', 96.41, 65.208);
insert into line_item (order_id, food_type, price, weight) values (71, 'Milk', 51.77, 98.057);
insert into line_item (order_id, food_type, price, weight) values (10, 'Milk', 29.89, 80.325);
insert into line_item (order_id, food_type, price, weight) values (7, 'Beans', 28.12, 33.905);
insert into line_item (order_id, food_type, price, weight) values (15, 'Milk', 72.38, 31.201);
insert into line_item (order_id, food_type, price, weight) values (42, 'Yoghurt', 13.61, 45.427);
insert into line_item (order_id, food_type, price, weight) values (48, 'Straw', 66.87, 89.687);
insert into line_item (order_id, food_type, price, weight) values (42, 'Beans', 30.01, 46.825);
insert into line_item (order_id, food_type, price, weight) values (30, 'Yoghurt', 40.13, 86.226);
insert into line_item (order_id, food_type, price, weight) values (33, 'Yoghurt', 84.18, 30.214);
insert into line_item (order_id, food_type, price, weight) values (89, 'Milk', 71.22, 89.323);
insert into line_item (order_id, food_type, price, weight) values (50, 'Meat', 86.25, 98.127);
insert into line_item (order_id, food_type, price, weight) values (79, 'Meat', 67.95, 51.113);
insert into line_item (order_id, food_type, price, weight) values (26, 'Yoghurt', 73.72, 94.663);
insert into line_item (order_id, food_type, price, weight) values (72, 'Milk', 72.92, 37.401);
insert into line_item (order_id, food_type, price, weight) values (26, 'Milk', 82.3, 66.893);
insert into line_item (order_id, food_type, price, weight) values (34, 'Beans', 29.46, 36.189);
insert into line_item (order_id, food_type, price, weight) values (4, 'Meat', 99.1, 54.366);
insert into line_item (order_id, food_type, price, weight) values (3, 'Milk', 76.41, 81.671);
insert into line_item (order_id, food_type, price, weight) values (92, 'Beans', 70.69, 22.432);
insert into line_item (order_id, food_type, price, weight) values (8, 'Bananas', 23.81, 20.087);
insert into line_item (order_id, food_type, price, weight) values (39, 'Milk', 23.56, 85.041);
insert into line_item (order_id, food_type, price, weight) values (30, 'Bananas', 56.9, 71.534);
insert into line_item (order_id, food_type, price, weight) values (80, 'Bananas', 98.29, 34.818);
insert into line_item (order_id, food_type, price, weight) values (41, 'Straw', 57.68, 83.628);
insert into line_item (order_id, food_type, price, weight) values (36, 'Beans', 72.57, 55.366);
insert into line_item (order_id, food_type, price, weight) values (89, 'Beans', 85.18, 73.815);
insert into line_item (order_id, food_type, price, weight) values (63, 'Meat', 76.9, 28.505);
insert into line_item (order_id, food_type, price, weight) values (1, 'Yoghurt', 87.55, 75.942);
insert into line_item (order_id, food_type, price, weight) values (64, 'Beans', 78.32, 33.304);
insert into line_item (order_id, food_type, price, weight) values (79, 'Milk', 42.52, 91.905);
insert into line_item (order_id, food_type, price, weight) values (17, 'Milk', 56.71, 92.599);
insert into line_item (order_id, food_type, price, weight) values (63, 'Straw', 62.04, 69.068);
insert into line_item (order_id, food_type, price, weight) values (14, 'Straw', 81.26, 39.543);
insert into line_item (order_id, food_type, price, weight) values (70, 'Meat', 24.13, 61.316);
insert into line_item (order_id, food_type, price, weight) values (56, 'Beans', 41.16, 80.996);
insert into line_item (order_id, food_type, price, weight) values (84, 'Beans', 41.65, 30.813);
insert into line_item (order_id, food_type, price, weight) values (82, 'Beans', 52.02, 61.697);
insert into line_item (order_id, food_type, price, weight) values (40, 'Bananas', 79.24, 44.209);
insert into line_item (order_id, food_type, price, weight) values (60, 'Yoghurt', 14.15, 60.74);
insert into line_item (order_id, food_type, price, weight) values (83, 'Straw', 22.75, 81.667);
insert into line_item (order_id, food_type, price, weight) values (78, 'Beans', 29.91, 37.206);
insert into line_item (order_id, food_type, price, weight) values (46, 'Bananas', 98.65, 23.455);
insert into line_item (order_id, food_type, price, weight) values (6, 'Milk', 94.16, 31.32);
insert into line_item (order_id, food_type, price, weight) values (84, 'Straw', 24.14, 73.18);
insert into line_item (order_id, food_type, price, weight) values (14, 'Bananas', 15.16, 55.009);
insert into line_item (order_id, food_type, price, weight) values (44, 'Meat', 67.09, 92.588);
insert into line_item (order_id, food_type, price, weight) values (47, 'Milk', 56.3, 90.163);
insert into line_item (order_id, food_type, price, weight) values (45, 'Straw', 46.51, 39.342);
insert into line_item (order_id, food_type, price, weight) values (38, 'Beans', 55.69, 20.082);
insert into line_item (order_id, food_type, price, weight) values (83, 'Bananas', 12.69, 40.658);
insert into line_item (order_id, food_type, price, weight) values (85, 'Bananas', 46.39, 70.187);
insert into line_item (order_id, food_type, price, weight) values (31, 'Milk', 35.22, 30.436);
insert into line_item (order_id, food_type, price, weight) values (95, 'Bananas', 55.56, 28.551);
insert into line_item (order_id, food_type, price, weight) values (94, 'Beans', 43.39, 23.339);
insert into line_item (order_id, food_type, price, weight) values (72, 'Beans', 32.13, 40.765);
insert into line_item (order_id, food_type, price, weight) values (96, 'Meat', 74.07, 87.999);
insert into line_item (order_id, food_type, price, weight) values (84, 'Yoghurt', 46.27, 89.75);
insert into line_item (order_id, food_type, price, weight) values (88, 'Yoghurt', 65.21, 86.46);
insert into line_item (order_id, food_type, price, weight) values (39, 'Meat', 39.92, 24.37);
insert into line_item (order_id, food_type, price, weight) values (56, 'Bananas', 10.99, 44.283);
insert into line_item (order_id, food_type, price, weight) values (62, 'Straw', 92.92, 30.929);
insert into line_item (order_id, food_type, price, weight) values (52, 'Milk', 81.92, 57.535);
insert into line_item (order_id, food_type, price, weight) values (49, 'Meat', 93.62, 57.237);
insert into line_item (order_id, food_type, price, weight) values (90, 'Milk', 99.3, 45.519);
insert into line_item (order_id, food_type, price, weight) values (100, 'Milk', 62.98, 30.24);
insert into line_item (order_id, food_type, price, weight) values (16, 'Straw', 78.0, 66.255);
insert into line_item (order_id, food_type, price, weight) values (69, 'Meat', 42.31, 89.297);
insert into line_item (order_id, food_type, price, weight) values (45, 'Meat', 97.45, 53.937);
insert into line_item (order_id, food_type, price, weight) values (17, 'Yoghurt', 51.02, 63.83);
insert into line_item (order_id, food_type, price, weight) values (78, 'Milk', 90.33, 53.986);
insert into line_item (order_id, food_type, price, weight) values (77, 'Bananas', 11.27, 70.579);
insert into line_item (order_id, food_type, price, weight) values (83, 'Meat', 94.48, 97.007);
insert into line_item (order_id, food_type, price, weight) values (5, 'Beans', 25.78, 20.961);
insert into line_item (order_id, food_type, price, weight) values (72, 'Straw', 61.19, 31.986);
insert into line_item (order_id, food_type, price, weight) values (57, 'Yoghurt', 74.19, 69.763);
insert into line_item (order_id, food_type, price, weight) values (27, 'Meat', 40.65, 69.927);
insert into line_item (order_id, food_type, price, weight) values (66, 'Beans', 62.29, 24.517);
insert into line_item (order_id, food_type, price, weight) values (41, 'Meat', 26.58, 35.656);
insert into line_item (order_id, food_type, price, weight) values (45, 'Yoghurt', 44.01, 95.436);
insert into line_item (order_id, food_type, price, weight) values (47, 'Beans', 73.49, 98.86);
insert into line_item (order_id, food_type, price, weight) values (20, 'Beans', 14.69, 34.866);
insert into line_item (order_id, food_type, price, weight) values (93, 'Yoghurt', 82.77, 93.615);
insert into line_item (order_id, food_type, price, weight) values (71, 'Beans', 80.72, 64.944);
insert into line_item (order_id, food_type, price, weight) values (36, 'Meat', 85.89, 52.954);
insert into line_item (order_id, food_type, price, weight) values (29, 'Beans', 96.17, 22.144);
insert into line_item (order_id, food_type, price, weight) values (5, 'Bananas', 85.99, 60.656);
insert into line_item (order_id, food_type, price, weight) values (49, 'Beans', 51.21, 62.751);
insert into line_item (order_id, food_type, price, weight) values (79, 'Bananas', 38.11, 80.931);
insert into line_item (order_id, food_type, price, weight) values (13, 'Bananas', 14.63, 60.273);
insert into line_item (order_id, food_type, price, weight) values (26, 'Straw', 92.84, 82.487);

insert into delivery (Delivery_id, Order_id, message, amend) values (1, 1, 'Delivered products', null);
insert into delivery (Delivery_id, Order_id, message, amend) values (2, 2, 'Delivered products', null);
insert into delivery (Delivery_id, Order_id, message, amend) values (3, 3, 'Delivered products', null);
insert into delivery (Delivery_id, Order_id, message, amend) values (4, 4, 'Delivered products', null);
insert into delivery (Delivery_id, Order_id, message, amend) values (5, 5, 'Delivered products', null);
insert into delivery (Delivery_id, Order_id, message, amend) values (6, 6, 'Delivered products', null);
insert into delivery (Delivery_id, Order_id, message, amend) values (7, 7, 'Delivered products', null);
insert into delivery (Delivery_id, Order_id, message, amend) values (8, 8, 'Delivered products', null);
insert into delivery (Delivery_id, Order_id, message, amend) values (9, 9, 'Delivered products', null);
insert into delivery (Delivery_id, Order_id, message, amend) values (10, 10, 'Delivered products', null);
insert into delivery (Delivery_id, Order_id, message, amend) values (11, 11, 'Delivered products', null);
insert into delivery (Delivery_id, Order_id, message, amend) values (12, 12, 'Delivered products', null);
insert into delivery (Delivery_id, Order_id, message, amend) values (13, 13, 'Delivered products', null);
insert into delivery (Delivery_id, Order_id, message, amend) values (14, 14, 'Delivered products', null);
insert into delivery (Delivery_id, Order_id, message, amend) values (15, 15, 'Delivered products', null);
insert into delivery (Delivery_id, Order_id, message, amend) values (16, 16, 'Delivered products', null);
insert into delivery (Delivery_id, Order_id, message, amend) values (17, 17, 'Delivered products', null);
insert into delivery (Delivery_id, Order_id, message, amend) values (18, 18, 'Delivered products', null);
insert into delivery (Delivery_id, Order_id, message, amend) values (19, 19, 'Delivered products', null);
insert into delivery (Delivery_id, Order_id, message, amend) values (20, 20, 'Delivered products', null);
insert into delivery (Delivery_id, Order_id, message, amend) values (21, 21, 'Delivered products', null);
insert into delivery (Delivery_id, Order_id, message, amend) values (22, 22, 'Delivered products', null);
insert into delivery (Delivery_id, Order_id, message, amend) values (23, 23, 'Delivered products', null);
insert into delivery (Delivery_id, Order_id, message, amend) values (24, 24, 'Delivered products', null);
insert into delivery (Delivery_id, Order_id, message, amend) values (25, 25, 'Delivered products', null);
insert into delivery (Delivery_id, Order_id, message, amend) values (26, 26, 'Delivered products', null);
insert into delivery (Delivery_id, Order_id, message, amend) values (27, 27, 'Delivered products', null);
insert into delivery (Delivery_id, Order_id, message, amend) values (28, 28, 'Delivered products', null);
insert into delivery (Delivery_id, Order_id, message, amend) values (29, 29, 'Delivered products', null);
insert into delivery (Delivery_id, Order_id, message, amend) values (30, 30, 'Delivered products', null);
insert into delivery (Delivery_id, Order_id, message, amend) values (31, 31, 'Delivered products', null);
insert into delivery (Delivery_id, Order_id, message, amend) values (32, 32, 'Delivered products', null);
insert into delivery (Delivery_id, Order_id, message, amend) values (33, 33, 'Delivered products', null);
insert into delivery (Delivery_id, Order_id, message, amend) values (34, 34, 'Delivered products', null);
insert into delivery (Delivery_id, Order_id, message, amend) values (35, 35, 'Delivered products', null);
insert into delivery (Delivery_id, Order_id, message, amend) values (36, 36, 'Delivered products', null);
insert into delivery (Delivery_id, Order_id, message, amend) values (37, 37, 'Delivered products', null);
insert into delivery (Delivery_id, Order_id, message, amend) values (38, 38, 'Delivered products', null);
insert into delivery (Delivery_id, Order_id, message, amend) values (39, 39, 'Delivered products', null);
insert into delivery (Delivery_id, Order_id, message, amend) values (40, 40, 'Delivered products', null);
insert into delivery (Delivery_id, Order_id, message, amend) values (41, 41, 'Delivered products', null);
insert into delivery (Delivery_id, Order_id, message, amend) values (42, 42, 'Delivered products', null);
insert into delivery (Delivery_id, Order_id, message, amend) values (43, 43, 'Delivered products', null);
insert into delivery (Delivery_id, Order_id, message, amend) values (44, 44, 'Delivered products', null);
insert into delivery (Delivery_id, Order_id, message, amend) values (45, 45, 'Delivered products', null);
insert into delivery (Delivery_id, Order_id, message, amend) values (46, 46, 'Delivered products', null);
insert into delivery (Delivery_id, Order_id, message, amend) values (47, 47, 'Delivered products', null);
insert into delivery (Delivery_id, Order_id, message, amend) values (48, 48, 'Delivered products', null);
insert into delivery (Delivery_id, Order_id, message, amend) values (49, 49, 'Delivered products', null);
insert into delivery (Delivery_id, Order_id, message, amend) values (50, 50, 'Delivered products', null);
insert into delivery (Delivery_id, Order_id, message, amend) values (51, 51, 'Delivered products', 'more than given');
insert into delivery (Delivery_id, Order_id, message, amend) values (52, 52, 'Delivered products', 'more than given');
insert into delivery (Delivery_id, Order_id, message, amend) values (53, 53, 'Delivered products', 'less than given');
insert into delivery (Delivery_id, Order_id, message, amend) values (54, 54, 'Delivered products', 'less than given');
insert into delivery (Delivery_id, Order_id, message, amend) values (55, 55, 'Delivered products', 'less than given');
insert into delivery (Delivery_id, Order_id, message, amend) values (56, 56, 'Delivered products', 'more than given');
insert into delivery (Delivery_id, Order_id, message, amend) values (57, 57, 'Delivered products', 'more than given');
insert into delivery (Delivery_id, Order_id, message, amend) values (58, 58, 'Delivered products', 'more than given');
insert into delivery (Delivery_id, Order_id, message, amend) values (59, 59, 'Delivered products', 'more than given');
insert into delivery (Delivery_id, Order_id, message, amend) values (60, 60, 'Delivered products', 'more than given');
insert into delivery (Delivery_id, Order_id, message, amend) values (61, 61, 'Delivered products', 'less than given');
insert into delivery (Delivery_id, Order_id, message, amend) values (62, 62, 'Delivered products', 'more than given');
insert into delivery (Delivery_id, Order_id, message, amend) values (63, 63, 'Delivered products', 'more than given');
insert into delivery (Delivery_id, Order_id, message, amend) values (64, 64, 'Delivered products', 'less than given');
insert into delivery (Delivery_id, Order_id, message, amend) values (65, 65, 'Delivered products', 'less than given');
insert into delivery (Delivery_id, Order_id, message, amend) values (66, 66, 'Delivered products', 'more than given');
insert into delivery (Delivery_id, Order_id, message, amend) values (67, 67, 'Delivered products', 'more than given');
insert into delivery (Delivery_id, Order_id, message, amend) values (68, 68, 'Delivered products', 'less than given');
insert into delivery (Delivery_id, Order_id, message, amend) values (69, 69, 'Delivered products', 'more than given');
insert into delivery (Delivery_id, Order_id, message, amend) values (70, 70, 'Delivered products', 'less than given');
insert into delivery (Delivery_id, Order_id, message, amend) values (71, 71, 'Delivered products', 'more than given');
insert into delivery (Delivery_id, Order_id, message, amend) values (72, 72, 'Delivered products', 'more than given');
insert into delivery (Delivery_id, Order_id, message, amend) values (73, 73, 'Delivered products', 'more than given');
insert into delivery (Delivery_id, Order_id, message, amend) values (74, 74, 'Delivered products', 'less than given');
insert into delivery (Delivery_id, Order_id, message, amend) values (75, 75, 'Delivered products', 'less than given');

insert into discrepancy (discrepancy_id, order_id, message, place_date) values (1, 51, 'not enough delivered', '6/3/2019');
insert into discrepancy (discrepancy_id, order_id, message, place_date) values (2, 52, 'not enough delivered', '6/3/2019');
insert into discrepancy (discrepancy_id, order_id, message, place_date) values (3, 53, 'not enough delivered', '6/3/2019');
insert into discrepancy (discrepancy_id, order_id, message, place_date) values (4, 54, 'not enough delivered', '6/3/2019');
insert into discrepancy (discrepancy_id, order_id, message, place_date) values (5, 55, 'not enough delivered', '6/3/2019');
insert into discrepancy (discrepancy_id, order_id, message, place_date) values (6, 56, 'not enough delivered', '6/3/2019');
insert into discrepancy (discrepancy_id, order_id, message, place_date) values (7, 57, 'not enough delivered', '6/3/2019');
insert into discrepancy (discrepancy_id, order_id, message, place_date) values (8, 58, 'not enough delivered', '6/3/2019');
insert into discrepancy (discrepancy_id, order_id, message, place_date) values (9, 59, 'not enough delivered', '6/3/2019');
insert into discrepancy (discrepancy_id, order_id, message, place_date) values (10, 60, 'not enough delivered', '6/3/2019');
insert into discrepancy (discrepancy_id, order_id, message, place_date) values (11, 61, 'not enough delivered', '6/3/2019');
insert into discrepancy (discrepancy_id, order_id, message, place_date) values (12, 62, 'not enough delivered', '6/3/2019');
insert into discrepancy (discrepancy_id, order_id, message, place_date) values (13, 63, 'not enough delivered', '6/3/2019');
insert into discrepancy (discrepancy_id, order_id, message, place_date) values (14, 64, 'not enough delivered', '6/3/2019');
insert into discrepancy (discrepancy_id, order_id, message, place_date) values (15, 65, 'not enough delivered', '6/3/2019');
insert into discrepancy (discrepancy_id, order_id, message, place_date) values (16, 66, 'not enough delivered', '6/3/2019');
insert into discrepancy (discrepancy_id, order_id, message, place_date) values (17, 67, 'not enough delivered', '6/3/2019');
insert into discrepancy (discrepancy_id, order_id, message, place_date) values (18, 68, 'not enough delivered', '6/3/2019');
insert into discrepancy (discrepancy_id, order_id, message, place_date) values (19, 69, 'not enough delivered', '6/3/2019');
insert into discrepancy (discrepancy_id, order_id, message, place_date) values (20, 70, 'not enough delivered', '6/3/2019');
insert into discrepancy (discrepancy_id, order_id, message, place_date) values (21, 71, 'not enough delivered', '6/3/2019');
insert into discrepancy (discrepancy_id, order_id, message, place_date) values (22, 72, 'not enough delivered', '6/3/2019');
insert into discrepancy (discrepancy_id, order_id, message, place_date) values (23, 73, 'not enough delivered', '6/3/2019');
insert into discrepancy (discrepancy_id, order_id, message, place_date) values (24, 74, 'not enough delivered', '6/3/2019');
insert into discrepancy (discrepancy_id, order_id, message, place_date) values (25, 75, 'not enough delivered', '6/3/2019');

update "ORDER"
set state = 'Paid', invoice_id = order_id
where order_id in ('1','2','3','4','5','6','7','8','9','10','11','12','13','14','15','16','17','18','19','20','21','22','23','24','25');

update "ORDER"
set state = 'Awaiting payment'
where order_id in ('26','27','28','29','30','31','32','33','34','35','36','37','38','39','40','41','42','43','44','45','46','47','48','49','50');

update "ORDER"
set state = 'Not complete'
where order_id in ('51','52','53','54','55','56','57','58','59','60','61','62','63','64','65','66','67','68','69','70','71','72','73','74','75');

insert into keeper (keeper_name) values ('Tallou Fleury');
insert into keeper (keeper_name) values ('Elsie Summerson');
insert into keeper (keeper_name) values ('Gwyn Hegarty');
insert into keeper (keeper_name) values ('Sheffy Traylen');
insert into keeper (keeper_name) values ('Renate Aspin');
insert into keeper (keeper_name) values ('Ingra Gullan');
insert into keeper (keeper_name) values ('Donnamarie Rowler');
insert into keeper (keeper_name) values ('Alfonse Drieu');
insert into keeper (keeper_name) values ('Gustave Follis');
insert into keeper (keeper_name) values ('Aguste Cumberpatch');
insert into keeper (keeper_name) values ('Cris Mellenby');
insert into keeper (keeper_name) values ('Aveline Hodge');
insert into keeper (keeper_name) values ('Bob Marples');
insert into keeper (keeper_name) values ('Dane Probin');
insert into keeper (keeper_name) values ('Alexina Castilljo');
insert into keeper (keeper_name) values ('Bellanca Lepere');
insert into keeper (keeper_name) values ('Marcelline Ruthen');
insert into keeper (keeper_name) values ('Henrieta Sapson');
insert into keeper (keeper_name) values ('Griffin Faithfull');
insert into keeper (keeper_name) values ('Merilyn Baldi');
insert into keeper (keeper_name) values ('Kirby Bourgour');
insert into keeper (keeper_name) values ('Abner Inglesfield');
insert into keeper (keeper_name) values ('Hubert Train');
insert into keeper (keeper_name) values ('Berna Dreus');
insert into keeper (keeper_name) values ('Vera Vannuchi');

insert into area values('Big Cats', 'Vera Vannuchi'),
                       ('Monkey', 'Berna Dreus'),
                       ('Reptiles', 'Hubert Train'),
                       ('Sea Life', 'Kirby Bourgour'),
                       ('Sky Life', 'Abner Inglesfield');

insert into area_keeper (keeper_name, area_name, Work_date) values ('Tallou Fleury', 'Reptiles', '3/29/2019');
insert into area_keeper (keeper_name, area_name, Work_date) values ('Gustave Follis', 'Reptiles', '8/13/2018');
insert into area_keeper (keeper_name, area_name, Work_date) values ('Donnamarie Rowler', 'Reptiles', '1/2/2019');
insert into area_keeper (keeper_name, area_name, Work_date) values ('Aveline Hodge', 'Sea Life', '8/13/2018');
insert into area_keeper (keeper_name, area_name, Work_date) values ('Gustave Follis', 'Monkey', '10/28/2018');
insert into area_keeper (keeper_name, area_name, Work_date) values ('Griffin Faithfull', 'Big Cats', '3/6/2019');
insert into area_keeper (keeper_name, area_name, Work_date) values ('Donnamarie Rowler', 'Monkey', '4/2/2019');
insert into area_keeper (keeper_name, area_name, Work_date) values ('Donnamarie Rowler', 'Sky Life', '6/6/2018');
insert into area_keeper (keeper_name, area_name, Work_date) values ('Gwyn Hegarty', 'Sea Life', '10/23/2018');
insert into area_keeper (keeper_name, area_name, Work_date) values ('Renate Aspin', 'Monkey', '9/9/2018');
insert into area_keeper (keeper_name, area_name, Work_date) values ('Elsie Summerson', 'Sky Life', '4/9/2019');
insert into area_keeper (keeper_name, area_name, Work_date) values ('Alexina Castilljo', 'Reptiles', '10/15/2018');
insert into area_keeper (keeper_name, area_name, Work_date) values ('Alexina Castilljo', 'Sky Life', '6/30/2018');
insert into area_keeper (keeper_name, area_name, Work_date) values ('Donnamarie Rowler', 'Reptiles', '3/5/2019');
insert into area_keeper (keeper_name, area_name, Work_date) values ('Marcelline Ruthen', 'Big Cats', '6/20/2018');
insert into area_keeper (keeper_name, area_name, Work_date) values ('Donnamarie Rowler', 'Big Cats', '2/22/2019');
insert into area_keeper (keeper_name, area_name, Work_date) values ('Gustave Follis', 'Sky Life', '8/27/2018');
insert into area_keeper (keeper_name, area_name, Work_date) values ('Bob Marples', 'Sky Life', '5/19/2019');
insert into area_keeper (keeper_name, area_name, Work_date) values ('Tallou Fleury', 'Big Cats', '5/15/2019');
insert into area_keeper (keeper_name, area_name, Work_date) values ('Aveline Hodge', 'Reptiles', '3/19/2019');
insert into area_keeper (keeper_name, area_name, Work_date) values ('Alexina Castilljo', 'Reptiles', '5/22/2019');
insert into area_keeper (keeper_name, area_name, Work_date) values ('Sheffy Traylen', 'Monkey', '12/30/2018');
insert into area_keeper (keeper_name, area_name, Work_date) values ('Aguste Cumberpatch', 'Monkey', '6/12/2018');
insert into area_keeper (keeper_name, area_name, Work_date) values ('Gwyn Hegarty', 'Sea Life', '6/22/2018');
insert into area_keeper (keeper_name, area_name, Work_date) values ('Alfonse Drieu', 'Reptiles', '10/22/2018');
insert into area_keeper (keeper_name, area_name, Work_date) values ('Ingra Gullan', 'Monkey', '9/28/2018');
insert into area_keeper (keeper_name, area_name, Work_date) values ('Donnamarie Rowler', 'Reptiles', '6/26/2018');
insert into area_keeper (keeper_name, area_name, Work_date) values ('Merilyn Baldi', 'Sea Life', '10/30/2018');
insert into area_keeper (keeper_name, area_name, Work_date) values ('Griffin Faithfull', 'Sea Life', '9/21/2018');
insert into area_keeper (keeper_name, area_name, Work_date) values ('Cris Mellenby', 'Sea Life', '4/19/2019');
insert into area_keeper (keeper_name, area_name, Work_date) values ('Alfonse Drieu', 'Reptiles', '9/18/2018');
insert into area_keeper (keeper_name, area_name, Work_date) values ('Aveline Hodge', 'Sea Life', '4/20/2019');
insert into area_keeper (keeper_name, area_name, Work_date) values ('Ingra Gullan', 'Big Cats', '10/4/2018');
insert into area_keeper (keeper_name, area_name, Work_date) values ('Bellanca Lepere', 'Sea Life', '5/23/2019');
insert into area_keeper (keeper_name, area_name, Work_date) values ('Gustave Follis', 'Sea Life', '5/18/2019');
insert into area_keeper (keeper_name, area_name, Work_date) values ('Aveline Hodge', 'Reptiles', '6/5/2018');
insert into area_keeper (keeper_name, area_name, Work_date) values ('Marcelline Ruthen', 'Big Cats', '10/30/2018');
insert into area_keeper (keeper_name, area_name, Work_date) values ('Renate Aspin', 'Reptiles', '3/25/2019');
insert into area_keeper (keeper_name, area_name, Work_date) values ('Gwyn Hegarty', 'Sea Life', '11/12/2018');
insert into area_keeper (keeper_name, area_name, Work_date) values ('Tallou Fleury', 'Reptiles', '4/1/2019');
insert into area_keeper (keeper_name, area_name, Work_date) values ('Bob Marples', 'Big Cats', '6/19/2018');
insert into area_keeper (keeper_name, area_name, Work_date) values ('Bellanca Lepere', 'Sea Life', '6/22/2018');
insert into area_keeper (keeper_name, area_name, Work_date) values ('Donnamarie Rowler', 'Reptiles', '1/3/2019');
insert into area_keeper (keeper_name, area_name, Work_date) values ('Henrieta Sapson', 'Reptiles', '11/14/2018');
insert into area_keeper (keeper_name, area_name, Work_date) values ('Alfonse Drieu', 'Sky Life', '3/22/2019');
insert into area_keeper (keeper_name, area_name, Work_date) values ('Griffin Faithfull', 'Monkey', '2/12/2019');
insert into area_keeper (keeper_name, area_name, Work_date) values ('Merilyn Baldi', 'Big Cats', '11/9/2018');
insert into area_keeper (keeper_name, area_name, Work_date) values ('Cris Mellenby', 'Sea Life', '6/29/2018');
insert into area_keeper (keeper_name, area_name, Work_date) values ('Aguste Cumberpatch', 'Sky Life', '3/11/2019');
insert into area_keeper (keeper_name, area_name, Work_date) values ('Sheffy Traylen', 'Sky Life', '6/6/2018');
insert into area_keeper (keeper_name, area_name, Work_date) values ('Bellanca Lepere', 'Monkey', '1/24/2019');
insert into area_keeper (keeper_name, area_name, Work_date) values ('Aguste Cumberpatch', 'Sea Life', '2/18/2019');
insert into area_keeper (keeper_name, area_name, Work_date) values ('Dane Probin', 'Big Cats', '12/19/2018');
insert into area_keeper (keeper_name, area_name, Work_date) values ('Marcelline Ruthen', 'Reptiles', '2/3/2019');
insert into area_keeper (keeper_name, area_name, Work_date) values ('Merilyn Baldi', 'Big Cats', '9/15/2018');
insert into area_keeper (keeper_name, area_name, Work_date) values ('Gwyn Hegarty', 'Monkey', '7/18/2018');
insert into area_keeper (keeper_name, area_name, Work_date) values ('Bob Marples', 'Big Cats', '11/13/2018');
insert into area_keeper (keeper_name, area_name, Work_date) values ('Alfonse Drieu', 'Big Cats', '6/23/2018');
insert into area_keeper (keeper_name, area_name, Work_date) values ('Bellanca Lepere', 'Sky Life', '8/16/2018');
insert into area_keeper (keeper_name, area_name, Work_date) values ('Renate Aspin', 'Big Cats', '4/11/2019');
insert into area_keeper (keeper_name, area_name, Work_date) values ('Tallou Fleury', 'Monkey', '1/20/2019');
insert into area_keeper (keeper_name, area_name, Work_date) values ('Griffin Faithfull', 'Monkey', '7/22/2018');
insert into area_keeper (keeper_name, area_name, Work_date) values ('Sheffy Traylen', 'Reptiles', '11/11/2018');
insert into area_keeper (keeper_name, area_name, Work_date) values ('Bob Marples', 'Reptiles', '12/16/2018');
insert into area_keeper (keeper_name, area_name, Work_date) values ('Aguste Cumberpatch', 'Monkey', '1/16/2019');
insert into area_keeper (keeper_name, area_name, Work_date) values ('Alexina Castilljo', 'Monkey', '5/5/2019');
insert into area_keeper (keeper_name, area_name, Work_date) values ('Gustave Follis', 'Sky Life', '7/3/2018');
insert into area_keeper (keeper_name, area_name, Work_date) values ('Bellanca Lepere', 'Reptiles', '6/15/2018');
insert into area_keeper (keeper_name, area_name, Work_date) values ('Merilyn Baldi', 'Reptiles', '7/4/2018');
insert into area_keeper (keeper_name, area_name, Work_date) values ('Donnamarie Rowler', 'Reptiles', '1/27/2019');
insert into area_keeper (keeper_name, area_name, Work_date) values ('Gustave Follis', 'Sky Life', '3/31/2019');
insert into area_keeper (keeper_name, area_name, Work_date) values ('Cris Mellenby', 'Sky Life', '12/2/2018');
insert into area_keeper (keeper_name, area_name, Work_date) values ('Aguste Cumberpatch', 'Sky Life', '2/20/2019');
insert into area_keeper (keeper_name, area_name, Work_date) values ('Tallou Fleury', 'Reptiles', '4/13/2019');
insert into area_keeper (keeper_name, area_name, Work_date) values ('Alfonse Drieu', 'Monkey', '12/7/2018');
insert into area_keeper (keeper_name, area_name, Work_date) values ('Dane Probin', 'Monkey', '4/25/2019');
insert into area_keeper (keeper_name, area_name, Work_date) values ('Sheffy Traylen', 'Sea Life', '7/2/2018');
insert into area_keeper (keeper_name, area_name, Work_date) values ('Marcelline Ruthen', 'Sky Life', '12/23/2018');
insert into area_keeper (keeper_name, area_name, Work_date) values ('Bellanca Lepere', 'Reptiles', '1/4/2019');
insert into area_keeper (keeper_name, area_name, Work_date) values ('Alexina Castilljo', 'Sky Life', '10/24/2018');
insert into area_keeper (keeper_name, area_name, Work_date) values ('Elsie Summerson', 'Sea Life', '7/31/2018');
insert into area_keeper (keeper_name, area_name, Work_date) values ('Donnamarie Rowler', 'Big Cats', '7/23/2018');
insert into area_keeper (keeper_name, area_name, Work_date) values ('Bob Marples', 'Sea Life', '8/30/2018');
insert into area_keeper (keeper_name, area_name, Work_date) values ('Alfonse Drieu', 'Big Cats', '9/22/2018');
insert into area_keeper (keeper_name, area_name, Work_date) values ('Ingra Gullan', 'Sky Life', '9/13/2018');
insert into area_keeper (keeper_name, area_name, Work_date) values ('Aveline Hodge', 'Sea Life', '2/20/2019');
insert into area_keeper (keeper_name, area_name, Work_date) values ('Aguste Cumberpatch', 'Reptiles', '7/26/2018');
insert into area_keeper (keeper_name, area_name, Work_date) values ('Marcelline Ruthen', 'Monkey', '12/6/2018');
insert into area_keeper (keeper_name, area_name, Work_date) values ('Aveline Hodge', 'Reptiles', '5/29/2019');
insert into area_keeper (keeper_name, area_name, Work_date) values ('Aveline Hodge', 'Sky Life', '7/30/2018');
insert into area_keeper (keeper_name, area_name, Work_date) values ('Gustave Follis', 'Sky Life', '1/21/2019');
insert into area_keeper (keeper_name, area_name, Work_date) values ('Renate Aspin', 'Monkey', '1/28/2019');
insert into area_keeper (keeper_name, area_name, Work_date) values ('Tallou Fleury', 'Reptiles', '3/24/2019');
insert into area_keeper (keeper_name, area_name, Work_date) values ('Tallou Fleury', 'Sea Life', '5/12/2019');
insert into area_keeper (keeper_name, area_name, Work_date) values ('Dane Probin', 'Big Cats', '3/18/2019');
insert into area_keeper (keeper_name, area_name, Work_date) values ('Tallou Fleury', 'Sea Life', '10/26/2018');
insert into area_keeper (keeper_name, area_name, Work_date) values ('Dane Probin', 'Big Cats', '12/26/2018');
insert into area_keeper (keeper_name, area_name, Work_date) values ('Griffin Faithfull', 'Reptiles', '10/14/2018');
insert into area_keeper (keeper_name, area_name, Work_date) values ('Gwyn Hegarty', 'Big Cats', '12/24/2018');
insert into area_keeper (keeper_name, area_name, Work_date) values ('Cris Mellenby', 'Sky Life', '8/15/2018');
insert into area_keeper (keeper_name, area_name, Work_date) values ('Merilyn Baldi', 'Reptiles', '12/14/2018');
insert into area_keeper (keeper_name, area_name, Work_date) values ('Marcelline Ruthen', 'Big Cats', '8/25/2018');
insert into area_keeper (keeper_name, area_name, Work_date) values ('Aveline Hodge', 'Sky Life', '6/7/2018');
insert into area_keeper (keeper_name, area_name, Work_date) values ('Aguste Cumberpatch', 'Sea Life', '9/27/2018');
insert into area_keeper (keeper_name, area_name, Work_date) values ('Alfonse Drieu', 'Monkey', '4/17/2019');
insert into area_keeper (keeper_name, area_name, Work_date) values ('Henrieta Sapson', 'Sea Life', '4/20/2019');
insert into area_keeper (keeper_name, area_name, Work_date) values ('Ingra Gullan', 'Big Cats', '5/2/2019');
insert into area_keeper (keeper_name, area_name, Work_date) values ('Cris Mellenby', 'Sky Life', '12/27/2018');
insert into area_keeper (keeper_name, area_name, Work_date) values ('Merilyn Baldi', 'Sky Life', '1/11/2019');
insert into area_keeper (keeper_name, area_name, Work_date) values ('Tallou Fleury', 'Big Cats', '8/14/2018');
insert into area_keeper (keeper_name, area_name, Work_date) values ('Alexina Castilljo', 'Monkey', '3/14/2019');
insert into area_keeper (keeper_name, area_name, Work_date) values ('Aguste Cumberpatch', 'Sky Life', '3/16/2019');
insert into area_keeper (keeper_name, area_name, Work_date) values ('Donnamarie Rowler', 'Sky Life', '10/24/2018');
insert into area_keeper (keeper_name, area_name, Work_date) values ('Gustave Follis', 'Sea Life', '3/11/2019');
insert into area_keeper (keeper_name, area_name, Work_date) values ('Merilyn Baldi', 'Monkey', '7/25/2018');
insert into area_keeper (keeper_name, area_name, Work_date) values ('Marcelline Ruthen', 'Monkey', '10/3/2018');
insert into area_keeper (keeper_name, area_name, Work_date) values ('Dane Probin', 'Big Cats', '5/5/2019');
insert into area_keeper (keeper_name, area_name, Work_date) values ('Elsie Summerson', 'Big Cats', '12/11/2018');
insert into area_keeper (keeper_name, area_name, Work_date) values ('Bob Marples', 'Sky Life', '6/16/2018');
insert into area_keeper (keeper_name, area_name, Work_date) values ('Griffin Faithfull', 'Reptiles', '10/9/2018');
insert into area_keeper (keeper_name, area_name, Work_date) values ('Henrieta Sapson', 'Big Cats', '3/22/2019');
insert into area_keeper (keeper_name, area_name, Work_date) values ('Tallou Fleury', 'Monkey', '11/6/2018');
insert into area_keeper (keeper_name, area_name, Work_date) values ('Bob Marples', 'Sea Life', '5/24/2019');
insert into area_keeper (keeper_name, area_name, Work_date) values ('Merilyn Baldi', 'Sky Life', '6/3/2018');
insert into area_keeper (keeper_name, area_name, Work_date) values ('Tallou Fleury', 'Big Cats', '8/2/2018');
insert into area_keeper (keeper_name, area_name, Work_date) values ('Alfonse Drieu', 'Sky Life', '3/11/2019');
insert into area_keeper (keeper_name, area_name, Work_date) values ('Tallou Fleury', 'Sea Life', '1/7/2019');
insert into area_keeper (keeper_name, area_name, Work_date) values ('Aveline Hodge', 'Big Cats', '5/14/2019');
insert into area_keeper (keeper_name, area_name, Work_date) values ('Ingra Gullan', 'Sea Life', '4/23/2019');
insert into area_keeper (keeper_name, area_name, Work_date) values ('Sheffy Traylen', 'Sky Life', '3/24/2019');
insert into area_keeper (keeper_name, area_name, Work_date) values ('Bob Marples', 'Monkey', '9/26/2018');
insert into area_keeper (keeper_name, area_name, Work_date) values ('Gustave Follis', 'Monkey', '5/6/2019');
insert into area_keeper (keeper_name, area_name, Work_date) values ('Alexina Castilljo', 'Reptiles', '2/9/2019');
insert into area_keeper (keeper_name, area_name, Work_date) values ('Alexina Castilljo', 'Sea Life', '7/1/2018');
insert into area_keeper (keeper_name, area_name, Work_date) values ('Merilyn Baldi', 'Monkey', '7/18/2018');
insert into area_keeper (keeper_name, area_name, Work_date) values ('Cris Mellenby', 'Sky Life', '10/9/2018');
insert into area_keeper (keeper_name, area_name, Work_date) values ('Alfonse Drieu', 'Sea Life', '1/6/2019');
insert into area_keeper (keeper_name, area_name, Work_date) values ('Tallou Fleury', 'Sea Life', '9/2/2018');
insert into area_keeper (keeper_name, area_name, Work_date) values ('Gwyn Hegarty', 'Reptiles', '12/5/2018');
insert into area_keeper (keeper_name, area_name, Work_date) values ('Elsie Summerson', 'Reptiles', '7/1/2018');
insert into area_keeper (keeper_name, area_name, Work_date) values ('Donnamarie Rowler', 'Reptiles', '5/20/2019');
insert into area_keeper (keeper_name, area_name, Work_date) values ('Gwyn Hegarty', 'Reptiles', '5/30/2019');
insert into area_keeper (keeper_name, area_name, Work_date) values ('Gwyn Hegarty', 'Sky Life', '7/24/2018');
insert into area_keeper (keeper_name, area_name, Work_date) values ('Griffin Faithfull', 'Reptiles', '5/24/2019');
insert into area_keeper (keeper_name, area_name, Work_date) values ('Gwyn Hegarty', 'Sea Life', '12/23/2018');
insert into area_keeper (keeper_name, area_name, Work_date) values ('Ingra Gullan', 'Sky Life', '2/14/2019');
insert into area_keeper (keeper_name, area_name, Work_date) values ('Bellanca Lepere', 'Reptiles', '11/16/2018');
insert into area_keeper (keeper_name, area_name, Work_date) values ('Dane Probin', 'Sea Life', '1/16/2019');
insert into area_keeper (keeper_name, area_name, Work_date) values ('Bellanca Lepere', 'Big Cats', '1/23/2019');
insert into area_keeper (keeper_name, area_name, Work_date) values ('Aveline Hodge', 'Monkey', '5/11/2019');
insert into area_keeper (keeper_name, area_name, Work_date) values ('Tallou Fleury', 'Sea Life', '5/5/2019');
insert into area_keeper (keeper_name, area_name, Work_date) values ('Donnamarie Rowler', 'Sea Life', '3/2/2019');
insert into area_keeper (keeper_name, area_name, Work_date) values ('Ingra Gullan', 'Monkey', '12/14/2018');
insert into area_keeper (keeper_name, area_name, Work_date) values ('Sheffy Traylen', 'Big Cats', '7/28/2018');
insert into area_keeper (keeper_name, area_name, Work_date) values ('Alfonse Drieu', 'Sea Life', '2/9/2019');
insert into area_keeper (keeper_name, area_name, Work_date) values ('Gwyn Hegarty', 'Monkey', '4/27/2019');
insert into area_keeper (keeper_name, area_name, Work_date) values ('Bellanca Lepere', 'Monkey', '6/24/2018');
insert into area_keeper (keeper_name, area_name, Work_date) values ('Cris Mellenby', 'Sea Life', '5/11/2019');
insert into area_keeper (keeper_name, area_name, Work_date) values ('Cris Mellenby', 'Sea Life', '11/10/2018');
insert into area_keeper (keeper_name, area_name, Work_date) values ('Aguste Cumberpatch', 'Sky Life', '12/27/2018');
insert into area_keeper (keeper_name, area_name, Work_date) values ('Ingra Gullan', 'Sky Life', '7/9/2018');
insert into area_keeper (keeper_name, area_name, Work_date) values ('Bob Marples', 'Sea Life', '1/31/2019');
insert into area_keeper (keeper_name, area_name, Work_date) values ('Bob Marples', 'Reptiles', '4/25/2019');
insert into area_keeper (keeper_name, area_name, Work_date) values ('Renate Aspin', 'Sea Life', '4/24/2019');
insert into area_keeper (keeper_name, area_name, Work_date) values ('Tallou Fleury', 'Monkey', '1/26/2019');
insert into area_keeper (keeper_name, area_name, Work_date) values ('Aguste Cumberpatch', 'Sky Life', '8/8/2018');
insert into area_keeper (keeper_name, area_name, Work_date) values ('Alfonse Drieu', 'Sky Life', '3/4/2019');
insert into area_keeper (keeper_name, area_name, Work_date) values ('Cris Mellenby', 'Sky Life', '5/27/2019');
insert into area_keeper (keeper_name, area_name, Work_date) values ('Cris Mellenby', 'Monkey', '8/10/2018');
insert into area_keeper (keeper_name, area_name, Work_date) values ('Bellanca Lepere', 'Monkey', '11/23/2018');
insert into area_keeper (keeper_name, area_name, Work_date) values ('Alfonse Drieu', 'Sea Life', '12/11/2018');
insert into area_keeper (keeper_name, area_name, Work_date) values ('Aveline Hodge', 'Sea Life', '3/22/2019');
insert into area_keeper (keeper_name, area_name, Work_date) values ('Gwyn Hegarty', 'Sky Life', '5/19/2019');
insert into area_keeper (keeper_name, area_name, Work_date) values ('Sheffy Traylen', 'Monkey', '2/15/2019');
insert into area_keeper (keeper_name, area_name, Work_date) values ('Alexina Castilljo', 'Sea Life', '5/16/2019');
insert into area_keeper (keeper_name, area_name, Work_date) values ('Griffin Faithfull', 'Monkey', '2/18/2019');
insert into area_keeper (keeper_name, area_name, Work_date) values ('Griffin Faithfull', 'Sky Life', '11/1/2018');
insert into area_keeper (keeper_name, area_name, Work_date) values ('Aguste Cumberpatch', 'Big Cats', '6/24/2018');
insert into area_keeper (keeper_name, area_name, Work_date) values ('Bob Marples', 'Big Cats', '9/9/2018');
insert into area_keeper (keeper_name, area_name, Work_date) values ('Donnamarie Rowler', 'Sky Life', '1/22/2019');
insert into area_keeper (keeper_name, area_name, Work_date) values ('Donnamarie Rowler', 'Big Cats', '1/19/2019');
insert into area_keeper (keeper_name, area_name, Work_date) values ('Griffin Faithfull', 'Big Cats', '7/28/2018');
insert into area_keeper (keeper_name, area_name, Work_date) values ('Henrieta Sapson', 'Sea Life', '3/16/2019');
insert into area_keeper (keeper_name, area_name, Work_date) values ('Henrieta Sapson', 'Sky Life', '4/7/2019');
insert into area_keeper (keeper_name, area_name, Work_date) values ('Bob Marples', 'Sea Life', '12/12/2018');
insert into area_keeper (keeper_name, area_name, Work_date) values ('Tallou Fleury', 'Monkey', '8/29/2018');
insert into area_keeper (keeper_name, area_name, Work_date) values ('Merilyn Baldi', 'Sea Life', '12/7/2018');
insert into area_keeper (keeper_name, area_name, Work_date) values ('Aguste Cumberpatch', 'Sea Life', '9/24/2018');
insert into area_keeper (keeper_name, area_name, Work_date) values ('Alexina Castilljo', 'Reptiles', '4/9/2019');
insert into area_keeper (keeper_name, area_name, Work_date) values ('Griffin Faithfull', 'Sea Life', '9/15/2018');
insert into area_keeper (keeper_name, area_name, Work_date) values ('Aguste Cumberpatch', 'Reptiles', '6/15/2018');
insert into area_keeper (keeper_name, area_name, Work_date) values ('Elsie Summerson', 'Sky Life', '5/18/2019');
insert into area_keeper (keeper_name, area_name, Work_date) values ('Sheffy Traylen', 'Monkey', '10/20/2018');
insert into area_keeper (keeper_name, area_name, Work_date) values ('Ingra Gullan', 'Monkey', '8/31/2018');
insert into area_keeper (keeper_name, area_name, Work_date) values ('Aveline Hodge', 'Monkey', '9/5/2018');
insert into area_keeper (keeper_name, area_name, Work_date) values ('Gwyn Hegarty', 'Monkey', '12/27/2018');
insert into area_keeper (keeper_name, area_name, Work_date) values ('Aveline Hodge', 'Monkey', '3/25/2019');
insert into area_keeper (keeper_name, area_name, Work_date) values ('Alexina Castilljo', 'Big Cats', '11/29/2018');
insert into area_keeper (keeper_name, area_name, Work_date) values ('Cris Mellenby', 'Reptiles', '7/31/2018');
insert into area_keeper (keeper_name, area_name, Work_date) values ('Alfonse Drieu', 'Sky Life', '9/5/2018');

insert into stock (area_name, food_type, amount) values ('Big Cats', 'Bananas', 48.909);
insert into stock (area_name, food_type, amount) values ('Big Cats', 'Straw', 76.418);
insert into stock (area_name, food_type, amount) values ('Big Cats', 'Beans', 57.749);
insert into stock (area_name, food_type, amount) values ('Big Cats', 'Yoghurt', 91.052);
insert into stock (area_name, food_type, amount) values ('Big Cats', 'Meat', 30.483);
insert into stock (area_name, food_type, amount) values ('Big Cats', 'Milk', 67.069);
insert into stock (area_name, food_type, amount) values ('Monkey', 'Bananas', 21.71);
insert into stock (area_name, food_type, amount) values ('Monkey', 'Straw', 4.061);
insert into stock (area_name, food_type, amount) values ('Monkey', 'Beans', 40.097);
insert into stock (area_name, food_type, amount) values ('Monkey', 'Yoghurt', 85.505);
insert into stock (area_name, food_type, amount) values ('Monkey', 'Meat', 51.62);
insert into stock (area_name, food_type, amount) values ('Monkey', 'Milk', 96.071);
insert into stock (area_name, food_type, amount) values ('Reptiles', 'Bananas', 25.692);
insert into stock (area_name, food_type, amount) values ('Reptiles', 'Straw', 80.669);
insert into stock (area_name, food_type, amount) values ('Reptiles', 'Beans', 65.998);
insert into stock (area_name, food_type, amount) values ('Reptiles', 'Yoghurt', 32.446);
insert into stock (area_name, food_type, amount) values ('Reptiles', 'Meat', 9.816);
insert into stock (area_name, food_type, amount) values ('Reptiles', 'Milk', 32.013);
insert into stock (area_name, food_type, amount) values ('Sea Life', 'Bananas', 79.036);
insert into stock (area_name, food_type, amount) values ('Sea Life', 'Straw', 97.892);
insert into stock (area_name, food_type, amount) values ('Sea Life', 'Beans', 61.526);
insert into stock (area_name, food_type, amount) values ('Sea Life', 'Yoghurt', 85.193);
insert into stock (area_name, food_type, amount) values ('Sea Life', 'Meat', 89.177);
insert into stock (area_name, food_type, amount) values ('Sea Life', 'Milk', 4.957);
insert into stock (area_name, food_type, amount) values ('Sky Life', 'Bananas', 89.029);

insert into enclosure (area_name, enclosure_num) values ('Big Cats', 1);
insert into enclosure (area_name, enclosure_num) values ('Big Cats', 2);
insert into enclosure (area_name, enclosure_num) values ('Big Cats', 3);
insert into enclosure (area_name, enclosure_num) values ('Big Cats', 4);
insert into enclosure (area_name, enclosure_num) values ('Big Cats', 5);
insert into enclosure (area_name, enclosure_num) values ('Big Cats', 6);
insert into enclosure (area_name, enclosure_num) values ('Big Cats', 7);
insert into enclosure (area_name, enclosure_num) values ('Big Cats', 8);
insert into enclosure (area_name, enclosure_num) values ('Big Cats', 9);
insert into enclosure (area_name, enclosure_num) values ('Big Cats', 10);
insert into enclosure (area_name, enclosure_num) values ('Monkey', 1);
insert into enclosure (area_name, enclosure_num) values ('Monkey', 2);
insert into enclosure (area_name, enclosure_num) values ('Monkey', 3);
insert into enclosure (area_name, enclosure_num) values ('Monkey', 4);
insert into enclosure (area_name, enclosure_num) values ('Monkey', 5);
insert into enclosure (area_name, enclosure_num) values ('Monkey', 6);
insert into enclosure (area_name, enclosure_num) values ('Monkey', 7);
insert into enclosure (area_name, enclosure_num) values ('Monkey', 8);
insert into enclosure (area_name, enclosure_num) values ('Monkey', 9);
insert into enclosure (area_name, enclosure_num) values ('Monkey', 10);
insert into enclosure (area_name, enclosure_num) values ('Reptiles', 1);
insert into enclosure (area_name, enclosure_num) values ('Reptiles', 2);
insert into enclosure (area_name, enclosure_num) values ('Reptiles', 3);
insert into enclosure (area_name, enclosure_num) values ('Reptiles', 4);
insert into enclosure (area_name, enclosure_num) values ('Reptiles', 5);
insert into enclosure (area_name, enclosure_num) values ('Reptiles', 6);
insert into enclosure (area_name, enclosure_num) values ('Reptiles', 7);
insert into enclosure (area_name, enclosure_num) values ('Reptiles', 8);
insert into enclosure (area_name, enclosure_num) values ('Reptiles', 9);
insert into enclosure (area_name, enclosure_num) values ('Reptiles', 10);
insert into enclosure (area_name, enclosure_num) values ('Sea Life', 1);
insert into enclosure (area_name, enclosure_num) values ('Sea Life', 2);
insert into enclosure (area_name, enclosure_num) values ('Sea Life', 3);
insert into enclosure (area_name, enclosure_num) values ('Sea Life', 4);
insert into enclosure (area_name, enclosure_num) values ('Sea Life', 5);
insert into enclosure (area_name, enclosure_num) values ('Sea Life', 6);
insert into enclosure (area_name, enclosure_num) values ('Sea Life', 7);
insert into enclosure (area_name, enclosure_num) values ('Sea Life', 8);
insert into enclosure (area_name, enclosure_num) values ('Sea Life', 9);
insert into enclosure (area_name, enclosure_num) values ('Sea Life', 10);
insert into enclosure (area_name, enclosure_num) values ('Sky Life', 1);
insert into enclosure (area_name, enclosure_num) values ('Sky Life', 2);
insert into enclosure (area_name, enclosure_num) values ('Sky Life', 3);
insert into enclosure (area_name, enclosure_num) values ('Sky Life', 4);
insert into enclosure (area_name, enclosure_num) values ('Sky Life', 5);
insert into enclosure (area_name, enclosure_num) values ('Sky Life', 6);
insert into enclosure (area_name, enclosure_num) values ('Sky Life', 7);
insert into enclosure (area_name, enclosure_num) values ('Sky Life', 8);
insert into enclosure (area_name, enclosure_num) values ('Sky Life', 9);
insert into enclosure (area_name, enclosure_num) values ('Sky Life', 10);

insert into species (species_name, description, family, species, subspecies) values ('Common eland', 'Description of the species', null, null, null);
insert into species (species_name, description, family, species, subspecies) values ('Tortoise burmese black mountain', 'Description of the species', null, null, null);
insert into species (species_name, description, family, species, subspecies) values ('Boa columbian rainbow', 'Description of the species', null, null, null);
insert into species (species_name, description, family, species, subspecies) values ('Grey fox', 'Description of the species', null, null, null);
insert into species (species_name, description, family, species, subspecies) values ('Eagle long-crested hawk', 'Description of the species', null, null, null);
insert into species (species_name, description, family, species, subspecies) values ('Duck white-faced whistling', 'Description of the species', null, null, null);
insert into species (species_name, description, family, species, subspecies) values ('Grey heron', 'Description of the species', null, null, null);
insert into species (species_name, description, family, species, subspecies) values ('Koala', 'Description of the species', null, null, null);
insert into species (species_name, description, family, species, subspecies) values ('Godwit hudsonian', 'Description of the species', null, null, null);
insert into species (species_name, description, family, species, subspecies) values ('Roseate cockatoo', 'Description of the species', null, null, null);

insert into species_gender (species_name, gender, average_weight, maturity_age) values ('Common eland', 'male', 25.937, 7.32);
insert into species_gender (species_name, gender, average_weight, maturity_age) values ('Common eland', 'female', 66.36, 5.98);
insert into species_gender (species_name, gender, average_weight, maturity_age) values ('Tortoise burmese black mountain', 'male', 78.847, 1.22);
insert into species_gender (species_name, gender, average_weight, maturity_age) values ('Tortoise burmese black mountain', 'female', 62.696, 7.91);
insert into species_gender (species_name, gender, average_weight, maturity_age) values ('Boa columbian rainbow', 'male', 48.503, 9.55);
insert into species_gender (species_name, gender, average_weight, maturity_age) values ('Boa columbian rainbow', 'female', 79.614, 3.49);
insert into species_gender (species_name, gender, average_weight, maturity_age) values ('Grey fox', 'male', 59.651, 6.44);
insert into species_gender (species_name, gender, average_weight, maturity_age) values ('Grey fox', 'female', 41.502, 2.53);
insert into species_gender (species_name, gender, average_weight, maturity_age) values ('Eagle long-crested hawk', 'male', 20.32, 7.26);
insert into species_gender (species_name, gender, average_weight, maturity_age) values ('Eagle long-crested hawk', 'female', 6.2, 7.69);
insert into species_gender (species_name, gender, average_weight, maturity_age) values ('Duck white-faced whistling', 'male', 30.957, 1.83);
insert into species_gender (species_name, gender, average_weight, maturity_age) values ('Duck white-faced whistling', 'female', 19.386, 4.88);
insert into species_gender (species_name, gender, average_weight, maturity_age) values ('Grey heron', 'male', 43.128, 1.67);
insert into species_gender (species_name, gender, average_weight, maturity_age) values ('Grey heron', 'female', 16.768, 9.82);
insert into species_gender (species_name, gender, average_weight, maturity_age) values ('Koala', 'male', 27.013, 3.34);
insert into species_gender (species_name, gender, average_weight, maturity_age) values ('Koala', 'female', 56.194, 6.65);
insert into species_gender (species_name, gender, average_weight, maturity_age) values ('Godwit hudsonian', 'male', 90.333, 5.52);
insert into species_gender (species_name, gender, average_weight, maturity_age) values ('Godwit hudsonian', 'female', 76.186, 2.17);
insert into species_gender (species_name, gender, average_weight, maturity_age) values ('Roseate cockatoo', 'male', 57.222, 5.42);
insert into species_gender (species_name, gender, average_weight, maturity_age) values ('Roseate cockatoo', 'female', 11.51, 1.29);

insert into animal (animal_id, gender, animal_name, birth_place, birth_date, species_name) values (1, 'female', 'Gregorius', 'Dachnoye', '9/1/2016', 'Common eland');
insert into animal (animal_id, gender, animal_name, birth_place, birth_date, species_name) values (2, 'female', 'Marcela', 'Itagibá', '7/29/2016', 'Godwit hudsonian');
insert into animal (animal_id, gender, animal_name, birth_place, birth_date, species_name) values (3, 'male', 'Wallie', 'Nowe Warpno', '9/15/2016', 'Godwit hudsonian');
insert into animal (animal_id, gender, animal_name, birth_place, birth_date, species_name) values (4, 'male', 'Hartley', 'Huamachuco', '8/3/2016', 'Common eland');
insert into animal (animal_id, gender, animal_name, birth_place, birth_date, species_name) values (5, 'female', 'Freddi', 'Sitrah', '10/24/2016', 'Koala');
insert into animal (animal_id, gender, animal_name, birth_place, birth_date, species_name) values (6, 'other', 'Anthiathia', 'Maracanaú', '5/6/2017', 'Common eland');
insert into animal (animal_id, gender, animal_name, birth_place, birth_date, species_name) values (7, 'female', 'Cazzie', 'Schiedam postbusnummers', '1/13/2017', 'Roseate cockatoo');
insert into animal (animal_id, gender, animal_name, birth_place, birth_date, species_name) values (8, 'female', 'Hetti', 'Tagbilaran City', '5/12/2017', 'Grey heron');
insert into animal (animal_id, gender, animal_name, birth_place, birth_date, species_name) values (9, 'male', 'Douglass', 'Seattle', '5/7/2017', 'Koala');
insert into animal (animal_id, gender, animal_name, birth_place, birth_date, species_name) values (10, 'other', 'Miriam', 'Rego de Água', '6/23/2016', 'Boa columbian rainbow');
insert into animal (animal_id, gender, animal_name, birth_place, birth_date, species_name) values (11, 'male', 'Jaquenette', 'San Francisco', '5/19/2017', 'Boa columbian rainbow');
insert into animal (animal_id, gender, animal_name, birth_place, birth_date, species_name) values (12, 'male', 'Arly', 'Babakanbandung', '4/29/2017', 'Grey heron');
insert into animal (animal_id, gender, animal_name, birth_place, birth_date, species_name) values (13, 'female', 'Lynnette', 'Nanfeng', '7/5/2016', 'Boa columbian rainbow');
insert into animal (animal_id, gender, animal_name, birth_place, birth_date, species_name) values (14, 'male', 'Ravid', 'Pa Phayom', '12/23/2016', 'Grey fox');
insert into animal (animal_id, gender, animal_name, birth_place, birth_date, species_name) values (15, 'female', 'Wain', 'Cijengkol', '5/12/2017', 'Grey fox');
insert into animal (animal_id, gender, animal_name, birth_place, birth_date, species_name) values (16, 'male', 'Anallise', 'Mapulo', '2/14/2017', 'Grey fox');
insert into animal (animal_id, gender, animal_name, birth_place, birth_date, species_name) values (17, 'female', 'Gretchen', 'Svetlyy', '5/7/2017', 'Grey fox');
insert into animal (animal_id, gender, animal_name, birth_place, birth_date, species_name) values (18, 'other', 'Greg', 'Pushkin', '11/19/2016', 'Tortoise burmese black mountain');
insert into animal (animal_id, gender, animal_name, birth_place, birth_date, species_name) values (19, 'other', 'Louie', 'Dunhao', '2/13/2017', 'Roseate cockatoo');
insert into animal (animal_id, gender, animal_name, birth_place, birth_date, species_name) values (20, 'female', 'Gwyn', 'Koran', '5/9/2017', 'Boa columbian rainbow');
insert into animal (animal_id, gender, animal_name, birth_place, birth_date, species_name) values (21, 'female', 'Xylia', 'Pilar do Sul', '5/26/2017', 'Godwit hudsonian');
insert into animal (animal_id, gender, animal_name, birth_place, birth_date, species_name) values (22, 'female', 'Viva', 'Tarxien', '6/12/2016', 'Koala');
insert into animal (animal_id, gender, animal_name, birth_place, birth_date, species_name) values (23, 'other', 'Winston', 'Yokotemachi', '1/14/2017', 'Common eland');
insert into animal (animal_id, gender, animal_name, birth_place, birth_date, species_name) values (24, 'male', 'Wilmette', 'Hejia', '6/4/2016', 'Grey heron');
insert into animal (animal_id, gender, animal_name, birth_place, birth_date, species_name) values (25, 'male', 'Lanette', 'Gardawice', '5/20/2017', 'Godwit hudsonian');
insert into animal (animal_id, gender, animal_name, birth_place, birth_date, species_name) values (26, 'male', 'Helga', 'Horlivka', '5/20/2017', 'Grey heron');
insert into animal (animal_id, gender, animal_name, birth_place, birth_date, species_name) values (27, 'other', 'Cyrille', 'Huanggang', '6/2/2017', 'Tortoise burmese black mountain');
insert into animal (animal_id, gender, animal_name, birth_place, birth_date, species_name) values (28, 'male', 'Jodie', 'Sonorejo', '8/17/2016', 'Boa columbian rainbow');
insert into animal (animal_id, gender, animal_name, birth_place, birth_date, species_name) values (29, 'female', 'Kendell', 'Dadamtu', '7/5/2016', 'Grey fox');
insert into animal (animal_id, gender, animal_name, birth_place, birth_date, species_name) values (30, 'male', 'Ode', 'Shiyang', '8/5/2016', 'Duck white-faced whistling');
insert into animal (animal_id, gender, animal_name, birth_place, birth_date, species_name) values (31, 'male', 'Blanca', 'Huambo', '10/17/2016', 'Tortoise burmese black mountain');
insert into animal (animal_id, gender, animal_name, birth_place, birth_date, species_name) values (32, 'female', 'Cecil', 'Widorokandang', '7/4/2016', 'Godwit hudsonian');
insert into animal (animal_id, gender, animal_name, birth_place, birth_date, species_name) values (33, 'female', 'Derwin', 'Novokuz’minki', '11/24/2016', 'Godwit hudsonian');
insert into animal (animal_id, gender, animal_name, birth_place, birth_date, species_name) values (34, 'female', 'Connor', 'Ekpoma', '1/31/2017', 'Eagle long-crested hawk');
insert into animal (animal_id, gender, animal_name, birth_place, birth_date, species_name) values (35, 'other', 'Seline', 'Washington', '6/18/2016', 'Grey heron');
insert into animal (animal_id, gender, animal_name, birth_place, birth_date, species_name) values (36, 'male', 'Noelani', 'Huangwan', '11/5/2016', 'Common eland');
insert into animal (animal_id, gender, animal_name, birth_place, birth_date, species_name) values (37, 'other', 'Levy', 'Orléans', '5/10/2017', 'Common eland');
insert into animal (animal_id, gender, animal_name, birth_place, birth_date, species_name) values (38, 'male', 'Bill', 'Trablice', '3/13/2017', 'Duck white-faced whistling');
insert into animal (animal_id, gender, animal_name, birth_place, birth_date, species_name) values (39, 'female', 'Eleonora', 'Kedungsumurkrajan', '9/7/2016', 'Boa columbian rainbow');
insert into animal (animal_id, gender, animal_name, birth_place, birth_date, species_name) values (40, 'male', 'Charlena', 'Ramiriquí', '8/1/2016', 'Common eland');
insert into animal (animal_id, gender, animal_name, birth_place, birth_date, species_name) values (41, 'male', 'Flora', 'Venlo', '6/29/2016', 'Eagle long-crested hawk');
insert into animal (animal_id, gender, animal_name, birth_place, birth_date, species_name) values (42, 'female', 'Violette', 'Jackson', '9/16/2016', 'Duck white-faced whistling');
insert into animal (animal_id, gender, animal_name, birth_place, birth_date, species_name) values (43, 'female', 'Wilma', 'Sundsvall', '11/11/2016', 'Grey fox');
insert into animal (animal_id, gender, animal_name, birth_place, birth_date, species_name) values (44, 'female', 'Rance', 'Matala', '10/13/2016', 'Eagle long-crested hawk');
insert into animal (animal_id, gender, animal_name, birth_place, birth_date, species_name) values (45, 'female', 'Danie', 'Sergokala', '10/8/2016', 'Duck white-faced whistling');
insert into animal (animal_id, gender, animal_name, birth_place, birth_date, species_name) values (46, 'male', 'Rozella', 'Hostomice', '9/26/2016', 'Koala');
insert into animal (animal_id, gender, animal_name, birth_place, birth_date, species_name) values (47, 'other', 'Isak', 'Puspajaya', '11/26/2016', 'Tortoise burmese black mountain');
insert into animal (animal_id, gender, animal_name, birth_place, birth_date, species_name) values (48, 'female', 'Feodora', 'Lavaltrie', '10/21/2016', 'Boa columbian rainbow');
insert into animal (animal_id, gender, animal_name, birth_place, birth_date, species_name) values (49, 'male', 'Morse', 'Molinos', '12/22/2016', 'Grey heron');
insert into animal (animal_id, gender, animal_name, birth_place, birth_date, species_name) values (50, 'female', 'Ingaborg', 'Hongshan', '2/10/2017', 'Common eland');
insert into animal (animal_id, gender, animal_name, birth_place, birth_date, species_name) values (51, 'female', 'Matthieu', 'Yuli', '4/4/2017', 'Eagle long-crested hawk');
insert into animal (animal_id, gender, animal_name, birth_place, birth_date, species_name) values (52, 'female', 'Keith', 'Esperanza', '6/13/2016', 'Duck white-faced whistling');
insert into animal (animal_id, gender, animal_name, birth_place, birth_date, species_name) values (53, 'other', 'Tiphany', 'Krueng Luak', '5/10/2017', 'Common eland');
insert into animal (animal_id, gender, animal_name, birth_place, birth_date, species_name) values (54, 'male', 'Tammie', 'Piterka', '1/19/2017', 'Godwit hudsonian');
insert into animal (animal_id, gender, animal_name, birth_place, birth_date, species_name) values (55, 'other', 'Sofie', 'Falköping', '5/17/2017', 'Koala');
insert into animal (animal_id, gender, animal_name, birth_place, birth_date, species_name) values (56, 'male', 'Butch', 'Foz do Arelho', '1/18/2017', 'Eagle long-crested hawk');
insert into animal (animal_id, gender, animal_name, birth_place, birth_date, species_name) values (57, 'female', 'Rourke', 'Citeureup', '7/4/2016', 'Grey fox');
insert into animal (animal_id, gender, animal_name, birth_place, birth_date, species_name) values (58, 'other', 'Braden', 'Rekovac', '10/1/2016', 'Koala');
insert into animal (animal_id, gender, animal_name, birth_place, birth_date, species_name) values (59, 'male', 'Reade', 'Hořice', '5/18/2017', 'Eagle long-crested hawk');
insert into animal (animal_id, gender, animal_name, birth_place, birth_date, species_name) values (60, 'other', 'Sheila', 'Kanturk', '1/22/2017', 'Godwit hudsonian');
insert into animal (animal_id, gender, animal_name, birth_place, birth_date, species_name) values (61, 'other', 'Carin', 'Santa Fe', '4/15/2017', 'Common eland');
insert into animal (animal_id, gender, animal_name, birth_place, birth_date, species_name) values (62, 'male', 'Lon', 'Siedleczka', '10/2/2016', 'Grey heron');
insert into animal (animal_id, gender, animal_name, birth_place, birth_date, species_name) values (63, 'male', 'Domenico', 'Himeville', '3/20/2017', 'Duck white-faced whistling');
insert into animal (animal_id, gender, animal_name, birth_place, birth_date, species_name) values (64, 'female', 'Luce', 'Osiek', '4/25/2017', 'Boa columbian rainbow');
insert into animal (animal_id, gender, animal_name, birth_place, birth_date, species_name) values (65, 'female', 'Harold', 'Lac du Bonnet', '9/10/2016', 'Godwit hudsonian');
insert into animal (animal_id, gender, animal_name, birth_place, birth_date, species_name) values (66, 'female', 'Andie', 'Makurdi', '10/5/2016', 'Boa columbian rainbow');
insert into animal (animal_id, gender, animal_name, birth_place, birth_date, species_name) values (67, 'female', 'Mary', 'Pozhang', '1/21/2017', 'Grey heron');
insert into animal (animal_id, gender, animal_name, birth_place, birth_date, species_name) values (68, 'female', 'Lenette', 'Xianzong', '5/27/2017', 'Common eland');
insert into animal (animal_id, gender, animal_name, birth_place, birth_date, species_name) values (69, 'female', 'Maxim', 'Lochovice', '5/4/2017', 'Godwit hudsonian');
insert into animal (animal_id, gender, animal_name, birth_place, birth_date, species_name) values (70, 'female', 'Irita', 'Yangjia', '2/28/2017', 'Tortoise burmese black mountain');
insert into animal (animal_id, gender, animal_name, birth_place, birth_date, species_name) values (71, 'male', 'Dallis', 'Tidaholm', '5/26/2017', 'Roseate cockatoo');
insert into animal (animal_id, gender, animal_name, birth_place, birth_date, species_name) values (72, 'female', 'Babbie', 'Všenory', '5/13/2017', 'Grey fox');
insert into animal (animal_id, gender, animal_name, birth_place, birth_date, species_name) values (73, 'other', 'Theresa', 'Alverca do Ribatejo', '10/6/2016', 'Roseate cockatoo');
insert into animal (animal_id, gender, animal_name, birth_place, birth_date, species_name) values (74, 'other', 'Sarita', 'Andahuaylillas', '1/11/2017', 'Godwit hudsonian');
insert into animal (animal_id, gender, animal_name, birth_place, birth_date, species_name) values (75, 'female', 'Merwin', 'Boca de Parita', '5/31/2017', 'Koala');
insert into animal (animal_id, gender, animal_name, birth_place, birth_date, species_name) values (76, 'other', 'Malissia', 'São Lourenço do Sul', '2/13/2017', 'Boa columbian rainbow');
insert into animal (animal_id, gender, animal_name, birth_place, birth_date, species_name) values (77, 'female', 'Goldina', 'Klos', '9/24/2016', 'Boa columbian rainbow');
insert into animal (animal_id, gender, animal_name, birth_place, birth_date, species_name) values (78, 'other', 'Timmi', 'Beisijiazi', '3/15/2017', 'Tortoise burmese black mountain');
insert into animal (animal_id, gender, animal_name, birth_place, birth_date, species_name) values (79, 'male', 'Gordy', 'Pilaya', '10/24/2016', 'Roseate cockatoo');
insert into animal (animal_id, gender, animal_name, birth_place, birth_date, species_name) values (80, 'female', 'Mireielle', 'Biała Piska', '8/3/2016', 'Eagle long-crested hawk');
insert into animal (animal_id, gender, animal_name, birth_place, birth_date, species_name) values (81, 'female', 'Grayce', 'Changjiang', '8/13/2016', 'Boa columbian rainbow');
insert into animal (animal_id, gender, animal_name, birth_place, birth_date, species_name) values (82, 'female', 'Evvy', 'Đoan Hùng', '2/27/2017', 'Koala');
insert into animal (animal_id, gender, animal_name, birth_place, birth_date, species_name) values (83, 'other', 'Langsdon', 'Nizhniy Chir', '12/18/2016', 'Grey heron');
insert into animal (animal_id, gender, animal_name, birth_place, birth_date, species_name) values (84, 'other', 'Hadley', 'Panyam', '7/27/2016', 'Roseate cockatoo');
insert into animal (animal_id, gender, animal_name, birth_place, birth_date, species_name) values (85, 'other', 'Elora', 'San Felipe', '4/26/2017', 'Duck white-faced whistling');
insert into animal (animal_id, gender, animal_name, birth_place, birth_date, species_name) values (86, 'male', 'Adena', 'Croix', '12/5/2016', 'Duck white-faced whistling');
insert into animal (animal_id, gender, animal_name, birth_place, birth_date, species_name) values (87, 'other', 'Ives', 'Jalaud', '4/16/2017', 'Eagle long-crested hawk');
insert into animal (animal_id, gender, animal_name, birth_place, birth_date, species_name) values (88, 'male', 'Kleon', 'Neikeng', '11/21/2016', 'Godwit hudsonian');
insert into animal (animal_id, gender, animal_name, birth_place, birth_date, species_name) values (89, 'female', 'Franzen', 'Kilkís', '4/24/2017', 'Grey heron');
insert into animal (animal_id, gender, animal_name, birth_place, birth_date, species_name) values (90, 'male', 'Nelle', 'Chitré', '1/29/2017', 'Duck white-faced whistling');
insert into animal (animal_id, gender, animal_name, birth_place, birth_date, species_name) values (91, 'female', 'Manny', 'Thaon-les-Vosges', '3/23/2017', 'Grey heron');
insert into animal (animal_id, gender, animal_name, birth_place, birth_date, species_name) values (92, 'male', 'Casar', 'Tugulym', '9/15/2016', 'Grey heron');
insert into animal (animal_id, gender, animal_name, birth_place, birth_date, species_name) values (93, 'male', 'Remus', 'Morelos', '8/25/2016', 'Grey heron');
insert into animal (animal_id, gender, animal_name, birth_place, birth_date, species_name) values (94, 'male', 'Caspar', 'Khatsyezhyna', '7/3/2016', 'Grey fox');
insert into animal (animal_id, gender, animal_name, birth_place, birth_date, species_name) values (95, 'male', 'Stafford', 'Xin Bulag', '4/25/2017', 'Grey heron');
insert into animal (animal_id, gender, animal_name, birth_place, birth_date, species_name) values (96, 'male', 'Reilly', 'Batang', '8/26/2016', 'Boa columbian rainbow');
insert into animal (animal_id, gender, animal_name, birth_place, birth_date, species_name) values (97, 'female', 'Genny', 'Tegalloa', '6/21/2016', 'Common eland');
insert into animal (animal_id, gender, animal_name, birth_place, birth_date, species_name) values (98, 'male', 'Willy', 'Yushanpu', '6/13/2016', 'Godwit hudsonian');
insert into animal (animal_id, gender, animal_name, birth_place, birth_date, species_name) values (99, 'female', 'Elsbeth', 'Colorado Springs', '2/27/2017', 'Boa columbian rainbow');
insert into animal (animal_id, gender, animal_name, birth_place, birth_date, species_name) values (100, 'male', 'Annabell', 'Gornyye Klyuchi', '2/21/2017', 'Duck white-faced whistling');
insert into animal (animal_id, gender, animal_name, birth_place, birth_date, species_name) values (101, 'female', 'Katinka', 'Sambirata', '2/18/2017', 'Koala');
insert into animal (animal_id, gender, animal_name, birth_place, birth_date, species_name) values (102, 'male', 'Cris', 'Villa Francisca', '10/15/2016', 'Boa columbian rainbow');
insert into animal (animal_id, gender, animal_name, birth_place, birth_date, species_name) values (103, 'other', 'Ainslie', 'Santa Marta', '10/29/2016', 'Boa columbian rainbow');
insert into animal (animal_id, gender, animal_name, birth_place, birth_date, species_name) values (104, 'male', 'Gusti', 'Banjar Brahmanabukit', '12/8/2016', 'Roseate cockatoo');
insert into animal (animal_id, gender, animal_name, birth_place, birth_date, species_name) values (105, 'female', 'Zola', 'Andkhōy', '5/5/2017', 'Roseate cockatoo');
insert into animal (animal_id, gender, animal_name, birth_place, birth_date, species_name) values (106, 'male', 'Lezlie', 'Oslo', '9/8/2016', 'Grey heron');
insert into animal (animal_id, gender, animal_name, birth_place, birth_date, species_name) values (107, 'male', 'Kimberlyn', 'Kuala Terengganu', '6/8/2016', 'Duck white-faced whistling');
insert into animal (animal_id, gender, animal_name, birth_place, birth_date, species_name) values (108, 'male', 'Andromache', 'Khombole', '11/6/2016', 'Grey heron');
insert into animal (animal_id, gender, animal_name, birth_place, birth_date, species_name) values (109, 'male', 'Maynord', 'Cigintung', '4/3/2017', 'Grey fox');
insert into animal (animal_id, gender, animal_name, birth_place, birth_date, species_name) values (110, 'other', 'Elysha', 'Courtaboeuf', '9/22/2016', 'Eagle long-crested hawk');
insert into animal (animal_id, gender, animal_name, birth_place, birth_date, species_name) values (111, 'female', 'Norry', 'Khelyulya', '3/31/2017', 'Boa columbian rainbow');
insert into animal (animal_id, gender, animal_name, birth_place, birth_date, species_name) values (112, 'other', 'Brigida', 'Jingshan', '12/24/2016', 'Grey heron');
insert into animal (animal_id, gender, animal_name, birth_place, birth_date, species_name) values (113, 'female', 'Clarinda', 'Lemenhe', '3/24/2017', 'Common eland');
insert into animal (animal_id, gender, animal_name, birth_place, birth_date, species_name) values (114, 'female', 'Jerald', 'Adjumani', '10/3/2016', 'Duck white-faced whistling');
insert into animal (animal_id, gender, animal_name, birth_place, birth_date, species_name) values (115, 'female', 'Nahum', 'Guarapuava', '6/21/2016', 'Grey heron');
insert into animal (animal_id, gender, animal_name, birth_place, birth_date, species_name) values (116, 'other', 'Reba', 'Kotel’niki', '12/31/2016', 'Roseate cockatoo');
insert into animal (animal_id, gender, animal_name, birth_place, birth_date, species_name) values (117, 'male', 'Antin', 'Bedadung Kulon', '3/21/2017', 'Duck white-faced whistling');
insert into animal (animal_id, gender, animal_name, birth_place, birth_date, species_name) values (118, 'female', 'Washington', 'Leeds', '1/28/2017', 'Eagle long-crested hawk');
insert into animal (animal_id, gender, animal_name, birth_place, birth_date, species_name) values (119, 'other', 'Tony', 'Meïganga', '9/8/2016', 'Koala');
insert into animal (animal_id, gender, animal_name, birth_place, birth_date, species_name) values (120, 'other', 'Jackquelin', 'Khūgyāṉī', '12/4/2016', 'Tortoise burmese black mountain');
insert into animal (animal_id, gender, animal_name, birth_place, birth_date, species_name) values (121, 'female', 'Jessamyn', 'Coronel', '1/27/2017', 'Eagle long-crested hawk');
insert into animal (animal_id, gender, animal_name, birth_place, birth_date, species_name) values (122, 'female', 'Britteny', 'Huntsville', '7/25/2016', 'Tortoise burmese black mountain');
insert into animal (animal_id, gender, animal_name, birth_place, birth_date, species_name) values (123, 'male', 'Byrann', 'Zuocun', '2/12/2017', 'Boa columbian rainbow');
insert into animal (animal_id, gender, animal_name, birth_place, birth_date, species_name) values (124, 'female', 'Meier', 'Crateús', '5/20/2017', 'Godwit hudsonian');
insert into animal (animal_id, gender, animal_name, birth_place, birth_date, species_name) values (125, 'female', 'Timotheus', 'Tacoma', '7/5/2016', 'Godwit hudsonian');
insert into animal (animal_id, gender, animal_name, birth_place, birth_date, species_name) values (126, 'female', 'Tobie', 'Villa Mercedes', '10/27/2016', 'Grey heron');
insert into animal (animal_id, gender, animal_name, birth_place, birth_date, species_name) values (127, 'female', 'Marlo', 'Andaray', '8/14/2016', 'Common eland');
insert into animal (animal_id, gender, animal_name, birth_place, birth_date, species_name) values (128, 'other', 'Shayne', 'Yongtai', '10/30/2016', 'Grey fox');
insert into animal (animal_id, gender, animal_name, birth_place, birth_date, species_name) values (129, 'female', 'Gardener', 'Lishu', '4/13/2017', 'Common eland');
insert into animal (animal_id, gender, animal_name, birth_place, birth_date, species_name) values (130, 'female', 'Pauly', 'Calebasses', '6/13/2016', 'Common eland');
insert into animal (animal_id, gender, animal_name, birth_place, birth_date, species_name) values (131, 'female', 'Gordy', 'Avignon', '7/2/2016', 'Duck white-faced whistling');
insert into animal (animal_id, gender, animal_name, birth_place, birth_date, species_name) values (132, 'female', 'Josefa', 'Yangsa', '12/24/2016', 'Boa columbian rainbow');
insert into animal (animal_id, gender, animal_name, birth_place, birth_date, species_name) values (133, 'female', 'Sigismondo', 'Turirejo', '12/21/2016', 'Grey heron');
insert into animal (animal_id, gender, animal_name, birth_place, birth_date, species_name) values (134, 'other', 'Brandi', 'Calamba', '6/6/2016', 'Eagle long-crested hawk');
insert into animal (animal_id, gender, animal_name, birth_place, birth_date, species_name) values (135, 'female', 'Fons', 'Yanahuaya', '1/8/2017', 'Grey heron');
insert into animal (animal_id, gender, animal_name, birth_place, birth_date, species_name) values (136, 'male', 'Druci', 'Safonovo', '12/19/2016', 'Common eland');
insert into animal (animal_id, gender, animal_name, birth_place, birth_date, species_name) values (137, 'male', 'Nicoline', 'Lazaro Cardenas', '2/22/2017', 'Eagle long-crested hawk');
insert into animal (animal_id, gender, animal_name, birth_place, birth_date, species_name) values (138, 'male', 'Shelby', 'Safi', '6/8/2016', 'Koala');
insert into animal (animal_id, gender, animal_name, birth_place, birth_date, species_name) values (139, 'female', 'Joline', 'Xiaxihao', '10/16/2016', 'Roseate cockatoo');
insert into animal (animal_id, gender, animal_name, birth_place, birth_date, species_name) values (140, 'other', 'Allyn', 'Sumbergayam', '2/7/2017', 'Grey heron');
insert into animal (animal_id, gender, animal_name, birth_place, birth_date, species_name) values (141, 'female', 'Danie', 'Shardara', '11/12/2016', 'Koala');
insert into animal (animal_id, gender, animal_name, birth_place, birth_date, species_name) values (142, 'female', 'Eolande', 'Florencia', '12/9/2016', 'Tortoise burmese black mountain');
insert into animal (animal_id, gender, animal_name, birth_place, birth_date, species_name) values (143, 'other', 'Greta', 'Mozirje', '10/10/2016', 'Eagle long-crested hawk');
insert into animal (animal_id, gender, animal_name, birth_place, birth_date, species_name) values (144, 'other', 'Waylin', 'Lekaj', '11/27/2016', 'Duck white-faced whistling');
insert into animal (animal_id, gender, animal_name, birth_place, birth_date, species_name) values (145, 'other', 'Hilly', 'Peshtera', '2/11/2017', 'Tortoise burmese black mountain');
insert into animal (animal_id, gender, animal_name, birth_place, birth_date, species_name) values (146, 'male', 'Winny', 'Mekarsari', '1/30/2017', 'Common eland');
insert into animal (animal_id, gender, animal_name, birth_place, birth_date, species_name) values (147, 'other', 'Chrissy', 'Muroran', '7/1/2016', 'Eagle long-crested hawk');
insert into animal (animal_id, gender, animal_name, birth_place, birth_date, species_name) values (148, 'female', 'Myer', 'San Bernardo', '2/18/2017', 'Grey heron');
insert into animal (animal_id, gender, animal_name, birth_place, birth_date, species_name) values (149, 'male', 'Ayn', 'Stockholm', '11/2/2016', 'Grey fox');
insert into animal (animal_id, gender, animal_name, birth_place, birth_date, species_name) values (150, 'male', 'Dick', 'Almirante', '3/27/2017', 'Godwit hudsonian');
insert into animal (animal_id, gender, animal_name, birth_place, birth_date, species_name) values (151, 'female', 'Bert', 'Yantongtun', '7/21/2016', 'Godwit hudsonian');
insert into animal (animal_id, gender, animal_name, birth_place, birth_date, species_name) values (152, 'female', 'Immanuel', 'San Vicente', '8/15/2016', 'Tortoise burmese black mountain');
insert into animal (animal_id, gender, animal_name, birth_place, birth_date, species_name) values (153, 'other', 'Guthry', 'Tipo-Tipo', '6/10/2016', 'Boa columbian rainbow');
insert into animal (animal_id, gender, animal_name, birth_place, birth_date, species_name) values (154, 'female', 'Levy', 'Vårby', '1/24/2017', 'Grey fox');
insert into animal (animal_id, gender, animal_name, birth_place, birth_date, species_name) values (155, 'female', 'Margalit', 'Jasienica', '5/16/2017', 'Roseate cockatoo');
insert into animal (animal_id, gender, animal_name, birth_place, birth_date, species_name) values (156, 'female', 'Orv', 'Argalastí', '8/3/2016', 'Tortoise burmese black mountain');
insert into animal (animal_id, gender, animal_name, birth_place, birth_date, species_name) values (157, 'male', 'Aurelia', 'Nowa Sarzyna', '9/13/2016', 'Tortoise burmese black mountain');
insert into animal (animal_id, gender, animal_name, birth_place, birth_date, species_name) values (158, 'female', 'Tina', 'Sukorejo', '4/11/2017', 'Koala');
insert into animal (animal_id, gender, animal_name, birth_place, birth_date, species_name) values (159, 'other', 'Camella', 'Tomingad', '1/25/2017', 'Godwit hudsonian');
insert into animal (animal_id, gender, animal_name, birth_place, birth_date, species_name) values (160, 'male', 'Rollie', 'Carlton', '1/26/2017', 'Eagle long-crested hawk');
insert into animal (animal_id, gender, animal_name, birth_place, birth_date, species_name) values (161, 'male', 'Lem', 'Al ‘Āqir', '12/14/2016', 'Godwit hudsonian');
insert into animal (animal_id, gender, animal_name, birth_place, birth_date, species_name) values (162, 'other', 'Angelique', 'Shuanglu', '8/30/2016', 'Godwit hudsonian');
insert into animal (animal_id, gender, animal_name, birth_place, birth_date, species_name) values (163, 'female', 'Gino', 'Piteå', '12/15/2016', 'Duck white-faced whistling');
insert into animal (animal_id, gender, animal_name, birth_place, birth_date, species_name) values (164, 'male', 'Zacharie', 'Karajeun', '9/16/2016', 'Eagle long-crested hawk');
insert into animal (animal_id, gender, animal_name, birth_place, birth_date, species_name) values (165, 'other', 'Thaddeus', 'Kebonjaya', '4/14/2017', 'Roseate cockatoo');
insert into animal (animal_id, gender, animal_name, birth_place, birth_date, species_name) values (166, 'other', 'Dre', 'Caxias', '6/9/2016', 'Boa columbian rainbow');
insert into animal (animal_id, gender, animal_name, birth_place, birth_date, species_name) values (167, 'female', 'Abdel', 'Bangshipu', '4/18/2017', 'Godwit hudsonian');
insert into animal (animal_id, gender, animal_name, birth_place, birth_date, species_name) values (168, 'other', 'Joela', 'Mar del Plata', '7/10/2016', 'Grey heron');
insert into animal (animal_id, gender, animal_name, birth_place, birth_date, species_name) values (169, 'female', 'Pepillo', 'San Isidro', '3/2/2017', 'Boa columbian rainbow');
insert into animal (animal_id, gender, animal_name, birth_place, birth_date, species_name) values (170, 'other', 'Tonnie', 'Guanambi', '1/18/2017', 'Koala');
insert into animal (animal_id, gender, animal_name, birth_place, birth_date, species_name) values (171, 'female', 'Carr', 'Kayukembang', '1/19/2017', 'Common eland');
insert into animal (animal_id, gender, animal_name, birth_place, birth_date, species_name) values (172, 'male', 'Ingamar', 'Jardia', '8/25/2016', 'Common eland');
insert into animal (animal_id, gender, animal_name, birth_place, birth_date, species_name) values (173, 'female', 'Kaitlynn', 'Los Pinos', '7/27/2016', 'Boa columbian rainbow');
insert into animal (animal_id, gender, animal_name, birth_place, birth_date, species_name) values (174, 'male', 'Susanne', 'Shenzhong', '9/16/2016', 'Roseate cockatoo');
insert into animal (animal_id, gender, animal_name, birth_place, birth_date, species_name) values (175, 'other', 'Gilles', 'Hobart', '1/25/2017', 'Roseate cockatoo');
insert into animal (animal_id, gender, animal_name, birth_place, birth_date, species_name) values (176, 'male', 'Dean', 'Bagé', '6/25/2016', 'Grey fox');
insert into animal (animal_id, gender, animal_name, birth_place, birth_date, species_name) values (177, 'male', 'Pet', 'Roermond', '8/13/2016', 'Duck white-faced whistling');
insert into animal (animal_id, gender, animal_name, birth_place, birth_date, species_name) values (178, 'female', 'Winona', 'Keluke', '7/25/2016', 'Roseate cockatoo');
insert into animal (animal_id, gender, animal_name, birth_place, birth_date, species_name) values (179, 'male', 'Reinold', 'Kinango', '4/4/2017', 'Duck white-faced whistling');
insert into animal (animal_id, gender, animal_name, birth_place, birth_date, species_name) values (180, 'other', 'Bambi', 'Jinhaihu', '11/19/2016', 'Eagle long-crested hawk');
insert into animal (animal_id, gender, animal_name, birth_place, birth_date, species_name) values (181, 'female', 'Harlene', 'Gnojnica', '10/26/2016', 'Boa columbian rainbow');
insert into animal (animal_id, gender, animal_name, birth_place, birth_date, species_name) values (182, 'female', 'Inger', 'Lutun', '1/25/2017', 'Eagle long-crested hawk');
insert into animal (animal_id, gender, animal_name, birth_place, birth_date, species_name) values (183, 'other', 'Nonie', 'Kochevo', '7/15/2016', 'Grey heron');
insert into animal (animal_id, gender, animal_name, birth_place, birth_date, species_name) values (184, 'other', 'Jere', 'Shali', '5/19/2017', 'Koala');
insert into animal (animal_id, gender, animal_name, birth_place, birth_date, species_name) values (185, 'male', 'Iona', 'Villeneuve-d''Ascq', '8/20/2016', 'Grey heron');
insert into animal (animal_id, gender, animal_name, birth_place, birth_date, species_name) values (186, 'male', 'Winonah', 'Mehron', '9/1/2016', 'Eagle long-crested hawk');
insert into animal (animal_id, gender, animal_name, birth_place, birth_date, species_name) values (187, 'male', 'Carmine', 'Kawalimukti', '9/6/2016', 'Roseate cockatoo');
insert into animal (animal_id, gender, animal_name, birth_place, birth_date, species_name) values (188, 'female', 'Ailina', 'Kario', '6/28/2016', 'Eagle long-crested hawk');
insert into animal (animal_id, gender, animal_name, birth_place, birth_date, species_name) values (189, 'other', 'Anabelle', 'Uchaly', '10/24/2016', 'Common eland');
insert into animal (animal_id, gender, animal_name, birth_place, birth_date, species_name) values (190, 'female', 'Barnabas', 'Linfen', '2/25/2017', 'Boa columbian rainbow');
insert into animal (animal_id, gender, animal_name, birth_place, birth_date, species_name) values (191, 'female', 'Otis', 'Dhromolaxia', '9/5/2016', 'Duck white-faced whistling');
insert into animal (animal_id, gender, animal_name, birth_place, birth_date, species_name) values (192, 'other', 'Corie', 'Owode', '5/24/2017', 'Godwit hudsonian');
insert into animal (animal_id, gender, animal_name, birth_place, birth_date, species_name) values (193, 'other', 'Clemens', 'Vetlanda', '10/3/2016', 'Grey heron');
insert into animal (animal_id, gender, animal_name, birth_place, birth_date, species_name) values (194, 'other', 'Kennedy', 'Sonsón', '2/8/2017', 'Boa columbian rainbow');
insert into animal (animal_id, gender, animal_name, birth_place, birth_date, species_name) values (195, 'other', 'Sybyl', 'Gaopeng', '1/14/2017', 'Common eland');
insert into animal (animal_id, gender, animal_name, birth_place, birth_date, species_name) values (196, 'male', 'Roderigo', 'Łęki Szlacheckie', '2/9/2017', 'Common eland');
insert into animal (animal_id, gender, animal_name, birth_place, birth_date, species_name) values (197, 'other', 'Felix', 'Wirodayan', '7/4/2016', 'Duck white-faced whistling');
insert into animal (animal_id, gender, animal_name, birth_place, birth_date, species_name) values (198, 'male', 'Daloris', 'Cincinnati', '3/15/2017', 'Common eland');
insert into animal (animal_id, gender, animal_name, birth_place, birth_date, species_name) values (199, 'male', 'Camilla', 'Tomiya', '8/16/2016', 'Common eland');
insert into animal (animal_id, gender, animal_name, birth_place, birth_date, species_name) values (200, 'male', 'Tripp', 'Biliri', '6/29/2016', 'Grey fox');
insert into animal (animal_id, gender, animal_name, birth_place, birth_date, species_name) values (201, 'male', 'Galvin', 'Odessa', '4/2/2017', 'Eagle long-crested hawk');

insert into feeding (animal_id, food_type, since, amount) values (174, 'Yoghurt', '11/30/2017', 63.01);
insert into feeding (animal_id, food_type, since, amount) values (107, 'Bananas', '7/16/2018', 97.6);
insert into feeding (animal_id, food_type, since, amount) values (13, 'Bananas', '8/16/2018', 31.12);
insert into feeding (animal_id, food_type, since, amount) values (144, 'Beans', '7/18/2018', 43.6);
insert into feeding (animal_id, food_type, since, amount) values (50, 'Yoghurt', '2/12/2019', 21.92);
insert into feeding (animal_id, food_type, since, amount) values (20, 'Bananas', '1/8/2018', 90.83);
insert into feeding (animal_id, food_type, since, amount) values (129, 'Milk', '12/15/2017', 65.23);
insert into feeding (animal_id, food_type, since, amount) values (24, 'Straw', '3/27/2018', 73.77);
insert into feeding (animal_id, food_type, since, amount) values (32, 'Straw', '10/15/2017', 32.17);
insert into feeding (animal_id, food_type, since, amount) values (36, 'Bananas', '1/17/2019', 59.56);
insert into feeding (animal_id, food_type, since, amount) values (132, 'Meat', '11/20/2018', 55.14);
insert into feeding (animal_id, food_type, since, amount) values (82, 'Straw', '1/29/2019', 99.18);
insert into feeding (animal_id, food_type, since, amount) values (173, 'Beans', '12/10/2018', 35.72);
insert into feeding (animal_id, food_type, since, amount) values (105, 'Meat', '7/20/2017', 31.62);
insert into feeding (animal_id, food_type, since, amount) values (6, 'Straw', '10/15/2017', 76.06);
insert into feeding (animal_id, food_type, since, amount) values (88, 'Straw', '9/23/2017', 85.72);
insert into feeding (animal_id, food_type, since, amount) values (42, 'Beans', '8/28/2018', 76.93);
insert into feeding (animal_id, food_type, since, amount) values (63, 'Yoghurt', '12/19/2017', 12.35);
insert into feeding (animal_id, food_type, since, amount) values (130, 'Milk', '5/7/2019', 73.4);
insert into feeding (animal_id, food_type, since, amount) values (139, 'Meat', '4/17/2019', 23.82);
insert into feeding (animal_id, food_type, since, amount) values (30, 'Milk', '12/30/2017', 48.99);
insert into feeding (animal_id, food_type, since, amount) values (15, 'Milk', '4/13/2018', 16.0);
insert into feeding (animal_id, food_type, since, amount) values (67, 'Beans', '11/9/2018', 29.49);
insert into feeding (animal_id, food_type, since, amount) values (10, 'Beans', '7/24/2017', 55.43);
insert into feeding (animal_id, food_type, since, amount) values (182, 'Yoghurt', '9/1/2018', 64.5);
insert into feeding (animal_id, food_type, since, amount) values (104, 'Milk', '8/15/2018', 25.39);
insert into feeding (animal_id, food_type, since, amount) values (179, 'Milk', '1/2/2019', 17.76);
insert into feeding (animal_id, food_type, since, amount) values (167, 'Bananas', '4/26/2019', 79.36);
insert into feeding (animal_id, food_type, since, amount) values (41, 'Meat', '11/22/2017', 5.3);
insert into feeding (animal_id, food_type, since, amount) values (38, 'Beans', '10/25/2017', 90.41);
insert into feeding (animal_id, food_type, since, amount) values (167, 'Meat', '10/19/2018', 40.52);
insert into feeding (animal_id, food_type, since, amount) values (110, 'Milk', '4/24/2018', 42.78);
insert into feeding (animal_id, food_type, since, amount) values (33, 'Bananas', '9/11/2017', 82.57);
insert into feeding (animal_id, food_type, since, amount) values (93, 'Yoghurt', '5/22/2019', 21.66);
insert into feeding (animal_id, food_type, since, amount) values (61, 'Meat', '10/6/2017', 54.69);
insert into feeding (animal_id, food_type, since, amount) values (103, 'Yoghurt', '4/7/2018', 80.73);
insert into feeding (animal_id, food_type, since, amount) values (17, 'Meat', '5/31/2019', 18.59);
insert into feeding (animal_id, food_type, since, amount) values (49, 'Bananas', '7/10/2018', 46.55);
insert into feeding (animal_id, food_type, since, amount) values (194, 'Meat', '9/24/2017', 70.42);
insert into feeding (animal_id, food_type, since, amount) values (12, 'Milk', '10/27/2018', 15.22);
insert into feeding (animal_id, food_type, since, amount) values (108, 'Straw', '4/24/2018', 15.6);
insert into feeding (animal_id, food_type, since, amount) values (109, 'Meat', '5/31/2019', 75.69);
insert into feeding (animal_id, food_type, since, amount) values (110, 'Beans', '6/5/2018', 33.0);
insert into feeding (animal_id, food_type, since, amount) values (158, 'Meat', '5/18/2018', 30.43);
insert into feeding (animal_id, food_type, since, amount) values (67, 'Bananas', '7/2/2017', 85.88);
insert into feeding (animal_id, food_type, since, amount) values (106, 'Meat', '1/23/2018', 39.6);
insert into feeding (animal_id, food_type, since, amount) values (48, 'Meat', '4/3/2019', 84.58);
insert into feeding (animal_id, food_type, since, amount) values (181, 'Milk', '6/11/2017', 42.73);
insert into feeding (animal_id, food_type, since, amount) values (160, 'Meat', '12/4/2018', 56.42);
insert into feeding (animal_id, food_type, since, amount) values (80, 'Meat', '8/9/2018', 56.25);
insert into feeding (animal_id, food_type, since, amount) values (81, 'Milk', '6/16/2017', 9.35);
insert into feeding (animal_id, food_type, since, amount) values (152, 'Milk', '4/22/2019', 54.23);
insert into feeding (animal_id, food_type, since, amount) values (148, 'Beans', '6/18/2018', 52.06);
insert into feeding (animal_id, food_type, since, amount) values (7, 'Meat', '1/20/2018', 98.95);
insert into feeding (animal_id, food_type, since, amount) values (172, 'Beans', '8/5/2018', 39.2);
insert into feeding (animal_id, food_type, since, amount) values (110, 'Bananas', '7/25/2017', 24.86);
insert into feeding (animal_id, food_type, since, amount) values (157, 'Bananas', '3/28/2019', 59.41);
insert into feeding (animal_id, food_type, since, amount) values (99, 'Straw', '4/16/2018', 56.38);
insert into feeding (animal_id, food_type, since, amount) values (52, 'Straw', '5/1/2018', 31.09);
insert into feeding (animal_id, food_type, since, amount) values (81, 'Meat', '8/10/2017', 16.81);
insert into feeding (animal_id, food_type, since, amount) values (82, 'Straw', '11/16/2017', 21.77);
insert into feeding (animal_id, food_type, since, amount) values (54, 'Straw', '2/20/2018', 45.24);
insert into feeding (animal_id, food_type, since, amount) values (182, 'Bananas', '1/8/2019', 20.56);
insert into feeding (animal_id, food_type, since, amount) values (131, 'Bananas', '6/5/2017', 85.98);
insert into feeding (animal_id, food_type, since, amount) values (69, 'Beans', '2/11/2018', 81.09);
insert into feeding (animal_id, food_type, since, amount) values (15, 'Meat', '11/21/2018', 63.05);
insert into feeding (animal_id, food_type, since, amount) values (20, 'Meat', '3/18/2018', 42.2);
insert into feeding (animal_id, food_type, since, amount) values (89, 'Straw', '4/29/2019', 71.42);
insert into feeding (animal_id, food_type, since, amount) values (18, 'Bananas', '8/18/2017', 90.01);
insert into feeding (animal_id, food_type, since, amount) values (112, 'Beans', '8/27/2018', 80.7);
insert into feeding (animal_id, food_type, since, amount) values (2, 'Milk', '10/5/2018', 89.16);
insert into feeding (animal_id, food_type, since, amount) values (27, 'Beans', '9/19/2018', 37.96);
insert into feeding (animal_id, food_type, since, amount) values (126, 'Yoghurt', '3/2/2018', 70.79);
insert into feeding (animal_id, food_type, since, amount) values (105, 'Bananas', '3/6/2018', 39.72);
insert into feeding (animal_id, food_type, since, amount) values (168, 'Milk', '1/28/2018', 20.25);
insert into feeding (animal_id, food_type, since, amount) values (180, 'Meat', '10/25/2017', 35.47);
insert into feeding (animal_id, food_type, since, amount) values (64, 'Straw', '6/22/2018', 32.81);
insert into feeding (animal_id, food_type, since, amount) values (138, 'Milk', '11/13/2018', 38.35);
insert into feeding (animal_id, food_type, since, amount) values (145, 'Beans', '11/2/2018', 70.56);
insert into feeding (animal_id, food_type, since, amount) values (127, 'Beans', '7/31/2017', 92.53);
insert into feeding (animal_id, food_type, since, amount) values (109, 'Milk', '10/31/2017', 60.53);
insert into feeding (animal_id, food_type, since, amount) values (170, 'Straw', '12/6/2018', 23.82);
insert into feeding (animal_id, food_type, since, amount) values (200, 'Yoghurt', '10/3/2017', 12.93);
insert into feeding (animal_id, food_type, since, amount) values (50, 'Milk', '12/20/2017', 24.99);
insert into feeding (animal_id, food_type, since, amount) values (12, 'Straw', '3/7/2018', 89.51);
insert into feeding (animal_id, food_type, since, amount) values (190, 'Milk', '4/8/2018', 71.68);
insert into feeding (animal_id, food_type, since, amount) values (140, 'Milk', '6/28/2017', 89.35);
insert into feeding (animal_id, food_type, since, amount) values (18, 'Milk', '6/3/2018', 34.37);
insert into feeding (animal_id, food_type, since, amount) values (87, 'Beans', '7/31/2018', 10.7);
insert into feeding (animal_id, food_type, since, amount) values (188, 'Milk', '1/17/2018', 4.38);
insert into feeding (animal_id, food_type, since, amount) values (41, 'Beans', '10/9/2018', 20.97);
insert into feeding (animal_id, food_type, since, amount) values (97, 'Milk', '7/29/2018', 25.53);
insert into feeding (animal_id, food_type, since, amount) values (24, 'Meat', '8/28/2018', 48.66);
insert into feeding (animal_id, food_type, since, amount) values (48, 'Meat', '1/16/2019', 67.73);
insert into feeding (animal_id, food_type, since, amount) values (9, 'Milk', '7/29/2018', 59.39);
insert into feeding (animal_id, food_type, since, amount) values (137, 'Milk', '4/20/2018', 27.31);
insert into feeding (animal_id, food_type, since, amount) values (123, 'Straw', '6/28/2018', 44.32);
insert into feeding (animal_id, food_type, since, amount) values (16, 'Meat', '3/5/2018', 54.95);
insert into feeding (animal_id, food_type, since, amount) values (68, 'Straw', '3/27/2019', 90.05);
insert into feeding (animal_id, food_type, since, amount) values (72, 'Beans', '10/21/2018', 79.71);
insert into feeding (animal_id, food_type, since, amount) values (193, 'Meat', '1/6/2019', 96.57);
insert into feeding (animal_id, food_type, since, amount) values (139, 'Milk', '10/7/2017', 45.83);
insert into feeding (animal_id, food_type, since, amount) values (174, 'Meat', '2/25/2018', 52.32);
insert into feeding (animal_id, food_type, since, amount) values (164, 'Yoghurt', '5/31/2018', 58.38);
insert into feeding (animal_id, food_type, since, amount) values (179, 'Bananas', '5/13/2019', 68.21);
insert into feeding (animal_id, food_type, since, amount) values (47, 'Milk', '11/28/2017', 36.91);
insert into feeding (animal_id, food_type, since, amount) values (128, 'Beans', '11/5/2018', 72.39);
insert into feeding (animal_id, food_type, since, amount) values (2, 'Yoghurt', '8/11/2017', 40.63);
insert into feeding (animal_id, food_type, since, amount) values (70, 'Beans', '4/23/2018', 61.81);
insert into feeding (animal_id, food_type, since, amount) values (110, 'Beans', '6/12/2018', 5.81);
insert into feeding (animal_id, food_type, since, amount) values (168, 'Straw', '2/17/2019', 97.83);
insert into feeding (animal_id, food_type, since, amount) values (43, 'Yoghurt', '8/5/2017', 82.31);
insert into feeding (animal_id, food_type, since, amount) values (32, 'Yoghurt', '2/4/2018', 42.59);
insert into feeding (animal_id, food_type, since, amount) values (27, 'Straw', '6/12/2017', 68.43);
insert into feeding (animal_id, food_type, since, amount) values (131, 'Bananas', '4/27/2018', 47.81);
insert into feeding (animal_id, food_type, since, amount) values (27, 'Milk', '8/5/2017', 12.14);
insert into feeding (animal_id, food_type, since, amount) values (83, 'Bananas', '4/7/2019', 22.64);
insert into feeding (animal_id, food_type, since, amount) values (153, 'Straw', '8/20/2017', 3.22);
insert into feeding (animal_id, food_type, since, amount) values (67, 'Bananas', '3/7/2019', 62.75);
insert into feeding (animal_id, food_type, since, amount) values (86, 'Milk', '3/23/2019', 37.31);
insert into feeding (animal_id, food_type, since, amount) values (40, 'Beans', '11/4/2017', 17.48);
insert into feeding (animal_id, food_type, since, amount) values (76, 'Meat', '1/15/2019', 12.69);
insert into feeding (animal_id, food_type, since, amount) values (29, 'Straw', '4/29/2019', 84.84);
insert into feeding (animal_id, food_type, since, amount) values (173, 'Beans', '8/24/2017', 50.38);
insert into feeding (animal_id, food_type, since, amount) values (56, 'Yoghurt', '5/21/2019', 59.35);
insert into feeding (animal_id, food_type, since, amount) values (89, 'Bananas', '2/7/2019', 33.7);
insert into feeding (animal_id, food_type, since, amount) values (85, 'Yoghurt', '4/28/2018', 63.13);
insert into feeding (animal_id, food_type, since, amount) values (169, 'Yoghurt', '10/3/2017', 22.17);
insert into feeding (animal_id, food_type, since, amount) values (119, 'Milk', '11/23/2017', 78.72);
insert into feeding (animal_id, food_type, since, amount) values (78, 'Beans', '1/14/2019', 59.23);
insert into feeding (animal_id, food_type, since, amount) values (25, 'Beans', '6/2/2018', 1.78);
insert into feeding (animal_id, food_type, since, amount) values (25, 'Beans', '5/18/2018', 44.08);
insert into feeding (animal_id, food_type, since, amount) values (130, 'Beans', '10/31/2017', 65.04);
insert into feeding (animal_id, food_type, since, amount) values (1, 'Milk', '10/20/2017', 90.68);
insert into feeding (animal_id, food_type, since, amount) values (146, 'Milk', '9/12/2017', 61.62);
insert into feeding (animal_id, food_type, since, amount) values (12, 'Yoghurt', '3/27/2019', 94.77);
insert into feeding (animal_id, food_type, since, amount) values (189, 'Straw', '2/2/2019', 73.34);
insert into feeding (animal_id, food_type, since, amount) values (18, 'Straw', '1/6/2019', 41.62);
insert into feeding (animal_id, food_type, since, amount) values (52, 'Bananas', '1/21/2019', 16.96);
insert into feeding (animal_id, food_type, since, amount) values (64, 'Straw', '7/10/2017', 3.41);
insert into feeding (animal_id, food_type, since, amount) values (172, 'Milk', '9/9/2018', 67.28);
insert into feeding (animal_id, food_type, since, amount) values (93, 'Yoghurt', '12/30/2018', 31.2);
insert into feeding (animal_id, food_type, since, amount) values (146, 'Yoghurt', '8/4/2018', 59.74);
insert into feeding (animal_id, food_type, since, amount) values (121, 'Beans', '11/7/2018', 96.58);
insert into feeding (animal_id, food_type, since, amount) values (9, 'Beans', '2/20/2018', 26.83);
insert into feeding (animal_id, food_type, since, amount) values (108, 'Meat', '6/29/2017', 6.64);
insert into feeding (animal_id, food_type, since, amount) values (65, 'Straw', '6/29/2017', 66.72);
insert into feeding (animal_id, food_type, since, amount) values (73, 'Straw', '11/21/2018', 26.94);
insert into feeding (animal_id, food_type, since, amount) values (160, 'Yoghurt', '12/22/2018', 38.88);
insert into feeding (animal_id, food_type, since, amount) values (10, 'Meat', '10/16/2018', 51.54);
insert into feeding (animal_id, food_type, since, amount) values (122, 'Bananas', '6/2/2019', 95.13);
insert into feeding (animal_id, food_type, since, amount) values (83, 'Bananas', '3/26/2019', 2.08);
insert into feeding (animal_id, food_type, since, amount) values (42, 'Milk', '1/27/2018', 85.84);
insert into feeding (animal_id, food_type, since, amount) values (46, 'Bananas', '6/9/2017', 41.35);
insert into feeding (animal_id, food_type, since, amount) values (137, 'Bananas', '7/31/2018', 64.58);
insert into feeding (animal_id, food_type, since, amount) values (96, 'Beans', '10/29/2018', 61.34);
insert into feeding (animal_id, food_type, since, amount) values (42, 'Yoghurt', '11/8/2017', 70.31);
insert into feeding (animal_id, food_type, since, amount) values (45, 'Straw', '11/7/2017', 11.2);
insert into feeding (animal_id, food_type, since, amount) values (65, 'Straw', '9/22/2017', 95.18);
insert into feeding (animal_id, food_type, since, amount) values (48, 'Meat', '8/17/2017', 58.21);
insert into feeding (animal_id, food_type, since, amount) values (14, 'Meat', '7/13/2017', 47.42);
insert into feeding (animal_id, food_type, since, amount) values (182, 'Meat', '9/3/2018', 95.57);
insert into feeding (animal_id, food_type, since, amount) values (136, 'Meat', '10/19/2018', 42.68);
insert into feeding (animal_id, food_type, since, amount) values (154, 'Bananas', '11/8/2017', 71.45);
insert into feeding (animal_id, food_type, since, amount) values (191, 'Straw', '7/1/2017', 70.29);
insert into feeding (animal_id, food_type, since, amount) values (166, 'Beans', '5/28/2019', 66.09);
insert into feeding (animal_id, food_type, since, amount) values (30, 'Beans', '2/16/2018', 28.63);
insert into feeding (animal_id, food_type, since, amount) values (122, 'Straw', '2/9/2018', 5.9);
insert into feeding (animal_id, food_type, since, amount) values (139, 'Beans', '8/11/2017', 85.8);
insert into feeding (animal_id, food_type, since, amount) values (39, 'Yoghurt', '4/27/2018', 87.81);
insert into feeding (animal_id, food_type, since, amount) values (144, 'Yoghurt', '7/12/2017', 6.52);
insert into feeding (animal_id, food_type, since, amount) values (112, 'Beans', '12/30/2018', 72.25);
insert into feeding (animal_id, food_type, since, amount) values (148, 'Straw', '11/20/2018', 85.97);
insert into feeding (animal_id, food_type, since, amount) values (97, 'Bananas', '9/15/2017', 7.22);
insert into feeding (animal_id, food_type, since, amount) values (56, 'Bananas', '4/22/2019', 76.55);
insert into feeding (animal_id, food_type, since, amount) values (191, 'Bananas', '4/16/2018', 29.87);
insert into feeding (animal_id, food_type, since, amount) values (164, 'Meat', '9/27/2018', 24.11);
insert into feeding (animal_id, food_type, since, amount) values (13, 'Bananas', '6/17/2017', 82.06);
insert into feeding (animal_id, food_type, since, amount) values (164, 'Straw', '8/14/2017', 74.91);
insert into feeding (animal_id, food_type, since, amount) values (103, 'Meat', '11/8/2018', 45.32);
insert into feeding (animal_id, food_type, since, amount) values (93, 'Meat', '9/10/2018', 66.73);
insert into feeding (animal_id, food_type, since, amount) values (112, 'Meat', '12/13/2017', 5.45);
insert into feeding (animal_id, food_type, since, amount) values (11, 'Milk', '7/24/2018', 13.16);
insert into feeding (animal_id, food_type, since, amount) values (163, 'Meat', '9/13/2018', 70.27);
insert into feeding (animal_id, food_type, since, amount) values (3, 'Straw', '9/23/2018', 48.35);
insert into feeding (animal_id, food_type, since, amount) values (197, 'Milk', '1/13/2018', 85.41);
insert into feeding (animal_id, food_type, since, amount) values (28, 'Yoghurt', '7/6/2018', 8.73);
insert into feeding (animal_id, food_type, since, amount) values (135, 'Milk', '7/23/2018', 68.09);
insert into feeding (animal_id, food_type, since, amount) values (7, 'Beans', '10/25/2017', 60.85);
insert into feeding (animal_id, food_type, since, amount) values (10, 'Bananas', '12/24/2018', 88.7);
insert into feeding (animal_id, food_type, since, amount) values (97, 'Meat', '10/2/2018', 41.03);
insert into feeding (animal_id, food_type, since, amount) values (85, 'Meat', '1/19/2019', 47.2);
insert into feeding (animal_id, food_type, since, amount) values (168, 'Beans', '4/19/2018', 76.2);
insert into feeding (animal_id, food_type, since, amount) values (187, 'Meat', '6/22/2018', 26.37);
insert into feeding (animal_id, food_type, since, amount) values (187, 'Yoghurt', '7/5/2018', 43.55);
insert into feeding (animal_id, food_type, since, amount) values (140, 'Yoghurt', '5/6/2018', 31.13);
insert into feeding (animal_id, food_type, since, amount) values (52, 'Beans', '8/18/2018', 44.86);
insert into feeding (animal_id, food_type, since, amount) values (48, 'Beans', '11/29/2018', 15.8);
insert into feeding (animal_id, food_type, since, amount) values (171, 'Straw', '3/22/2019', 24.03);
insert into feeding (animal_id, food_type, since, amount) values (12, 'Yoghurt', '2/20/2019', 73.69);
insert into feeding (animal_id, food_type, since, amount) values (136, 'Yoghurt', '7/20/2017', 9.24);
insert into feeding (animal_id, food_type, since, amount) values (117, 'Beans', '3/15/2018', 54.51);
insert into feeding (animal_id, food_type, since, amount) values (195, 'Straw', '11/11/2018', 42.93);
insert into feeding (animal_id, food_type, since, amount) values (69, 'Meat', '7/10/2017', 55.51);
insert into feeding (animal_id, food_type, since, amount) values (55, 'Straw', '8/12/2018', 82.04);
insert into feeding (animal_id, food_type, since, amount) values (168, 'Beans', '1/24/2019', 35.55);
insert into feeding (animal_id, food_type, since, amount) values (106, 'Milk', '8/7/2018', 59.9);
insert into feeding (animal_id, food_type, since, amount) values (64, 'Yoghurt', '11/27/2018', 59.33);
insert into feeding (animal_id, food_type, since, amount) values (112, 'Yoghurt', '4/11/2018', 88.72);
insert into feeding (animal_id, food_type, since, amount) values (128, 'Bananas', '4/3/2019', 32.32);
insert into feeding (animal_id, food_type, since, amount) values (44, 'Beans', '10/9/2017', 3.37);
insert into feeding (animal_id, food_type, since, amount) values (74, 'Milk', '12/4/2018', 82.16);
insert into feeding (animal_id, food_type, since, amount) values (15, 'Milk', '6/2/2018', 27.95);
insert into feeding (animal_id, food_type, since, amount) values (7, 'Milk', '10/30/2018', 71.64);
insert into feeding (animal_id, food_type, since, amount) values (12, 'Bananas', '1/31/2019', 5.37);
insert into feeding (animal_id, food_type, since, amount) values (183, 'Bananas', '4/7/2019', 28.13);
insert into feeding (animal_id, food_type, since, amount) values (46, 'Beans', '1/30/2018', 7.86);
insert into feeding (animal_id, food_type, since, amount) values (154, 'Meat', '2/28/2018', 20.85);
insert into feeding (animal_id, food_type, since, amount) values (95, 'Milk', '5/8/2018', 8.95);
insert into feeding (animal_id, food_type, since, amount) values (118, 'Milk', '4/27/2018', 37.52);
insert into feeding (animal_id, food_type, since, amount) values (76, 'Bananas', '7/13/2018', 75.27);
insert into feeding (animal_id, food_type, since, amount) values (139, 'Beans', '6/22/2018', 14.11);
insert into feeding (animal_id, food_type, since, amount) values (64, 'Beans', '3/8/2018', 55.6);
insert into feeding (animal_id, food_type, since, amount) values (148, 'Yoghurt', '9/2/2017', 99.35);
insert into feeding (animal_id, food_type, since, amount) values (32, 'Bananas', '9/24/2018', 14.43);
insert into feeding (animal_id, food_type, since, amount) values (28, 'Straw', '9/25/2017', 40.72);
insert into feeding (animal_id, food_type, since, amount) values (26, 'Yoghurt', '4/2/2018', 34.54);
insert into feeding (animal_id, food_type, since, amount) values (94, 'Bananas', '1/14/2019', 91.34);
insert into feeding (animal_id, food_type, since, amount) values (64, 'Yoghurt', '2/27/2019', 80.72);
insert into feeding (animal_id, food_type, since, amount) values (135, 'Bananas', '12/22/2017', 17.87);
insert into feeding (animal_id, food_type, since, amount) values (24, 'Straw', '4/8/2019', 12.59);
insert into feeding (animal_id, food_type, since, amount) values (145, 'Milk', '11/26/2017', 5.25);
insert into feeding (animal_id, food_type, since, amount) values (104, 'Milk', '3/12/2018', 98.98);
insert into feeding (animal_id, food_type, since, amount) values (156, 'Yoghurt', '12/24/2018', 71.34);
insert into feeding (animal_id, food_type, since, amount) values (84, 'Milk', '10/10/2017', 18.18);
insert into feeding (animal_id, food_type, since, amount) values (161, 'Straw', '5/25/2019', 49.84);
insert into feeding (animal_id, food_type, since, amount) values (177, 'Milk', '7/8/2018', 97.7);
insert into feeding (animal_id, food_type, since, amount) values (61, 'Straw', '1/30/2018', 25.47);
insert into feeding (animal_id, food_type, since, amount) values (51, 'Meat', '6/8/2018', 45.24);
insert into feeding (animal_id, food_type, since, amount) values (151, 'Straw', '7/17/2017', 83.78);
insert into feeding (animal_id, food_type, since, amount) values (48, 'Meat', '5/15/2018', 87.75);
insert into feeding (animal_id, food_type, since, amount) values (149, 'Meat', '3/30/2018', 22.64);
insert into feeding (animal_id, food_type, since, amount) values (148, 'Yoghurt', '9/18/2018', 64.5);
insert into feeding (animal_id, food_type, since, amount) values (55, 'Yoghurt', '12/15/2017', 92.63);
insert into feeding (animal_id, food_type, since, amount) values (118, 'Yoghurt', '9/15/2018', 89.03);
insert into feeding (animal_id, food_type, since, amount) values (91, 'Milk', '11/15/2018', 46.44);
insert into feeding (animal_id, food_type, since, amount) values (12, 'Beans', '4/22/2018', 22.49);
insert into feeding (animal_id, food_type, since, amount) values (166, 'Yoghurt', '12/13/2017', 62.77);
insert into feeding (animal_id, food_type, since, amount) values (1, 'Milk', '9/30/2017', 66.46);
insert into feeding (animal_id, food_type, since, amount) values (93, 'Meat', '12/24/2018', 89.38);
insert into feeding (animal_id, food_type, since, amount) values (46, 'Milk', '6/15/2018', 98.16);
insert into feeding (animal_id, food_type, since, amount) values (34, 'Straw', '12/24/2017', 17.96);
insert into feeding (animal_id, food_type, since, amount) values (102, 'Straw', '2/16/2018', 74.54);
insert into feeding (animal_id, food_type, since, amount) values (61, 'Milk', '7/8/2018', 99.48);
insert into feeding (animal_id, food_type, since, amount) values (77, 'Beans', '10/3/2017', 12.38);
insert into feeding (animal_id, food_type, since, amount) values (41, 'Bananas', '6/22/2017', 63.12);
insert into feeding (animal_id, food_type, since, amount) values (130, 'Bananas', '4/22/2019', 19.46);
insert into feeding (animal_id, food_type, since, amount) values (143, 'Milk', '12/14/2017', 36.17);
insert into feeding (animal_id, food_type, since, amount) values (40, 'Bananas', '8/19/2018', 8.14);
insert into feeding (animal_id, food_type, since, amount) values (1, 'Beans', '1/21/2018', 7.11);
insert into feeding (animal_id, food_type, since, amount) values (31, 'Straw', '5/1/2019', 87.73);
insert into feeding (animal_id, food_type, since, amount) values (155, 'Straw', '11/12/2017', 41.91);
insert into feeding (animal_id, food_type, since, amount) values (91, 'Straw', '11/22/2018', 19.99);
insert into feeding (animal_id, food_type, since, amount) values (151, 'Beans', '2/21/2019', 58.57);
insert into feeding (animal_id, food_type, since, amount) values (72, 'Bananas', '11/11/2017', 32.51);
insert into feeding (animal_id, food_type, since, amount) values (167, 'Meat', '5/12/2019', 77.35);
insert into feeding (animal_id, food_type, since, amount) values (129, 'Bananas', '9/18/2018', 58.56);
insert into feeding (animal_id, food_type, since, amount) values (141, 'Meat', '3/25/2019', 9.99);
insert into feeding (animal_id, food_type, since, amount) values (83, 'Meat', '7/16/2018', 71.79);
insert into feeding (animal_id, food_type, since, amount) values (13, 'Meat', '7/22/2017', 90.91);
insert into feeding (animal_id, food_type, since, amount) values (183, 'Milk', '4/17/2018', 35.83);
insert into feeding (animal_id, food_type, since, amount) values (76, 'Meat', '9/4/2018', 8.36);
insert into feeding (animal_id, food_type, since, amount) values (40, 'Yoghurt', '10/16/2017', 81.92);
insert into feeding (animal_id, food_type, since, amount) values (60, 'Straw', '4/27/2018', 73.88);
insert into feeding (animal_id, food_type, since, amount) values (182, 'Straw', '8/5/2017', 83.61);
insert into feeding (animal_id, food_type, since, amount) values (38, 'Milk', '5/19/2018', 89.1);
insert into feeding (animal_id, food_type, since, amount) values (147, 'Yoghurt', '7/16/2018', 92.79);
insert into feeding (animal_id, food_type, since, amount) values (13, 'Yoghurt', '8/2/2017', 83.49);
insert into feeding (animal_id, food_type, since, amount) values (75, 'Straw', '6/10/2018', 77.7);
insert into feeding (animal_id, food_type, since, amount) values (140, 'Meat', '7/21/2018', 92.0);
insert into feeding (animal_id, food_type, since, amount) values (5, 'Milk', '5/8/2019', 1.79);
insert into feeding (animal_id, food_type, since, amount) values (134, 'Milk', '12/10/2017', 72.13);
insert into feeding (animal_id, food_type, since, amount) values (28, 'Milk', '3/16/2018', 50.55);
insert into feeding (animal_id, food_type, since, amount) values (9, 'Straw', '8/26/2017', 12.09);
insert into feeding (animal_id, food_type, since, amount) values (75, 'Meat', '1/25/2018', 77.82);
insert into feeding (animal_id, food_type, since, amount) values (38, 'Yoghurt', '4/28/2018', 17.79);
insert into feeding (animal_id, food_type, since, amount) values (193, 'Yoghurt', '2/22/2018', 25.81);
insert into feeding (animal_id, food_type, since, amount) values (63, 'Straw', '8/25/2018', 23.45);
insert into feeding (animal_id, food_type, since, amount) values (54, 'Straw', '12/22/2017', 12.12);
insert into feeding (animal_id, food_type, since, amount) values (92, 'Bananas', '7/8/2018', 36.51);
insert into feeding (animal_id, food_type, since, amount) values (112, 'Bananas', '5/24/2019', 91.2);
insert into feeding (animal_id, food_type, since, amount) values (49, 'Milk', '9/6/2018', 98.37);
insert into feeding (animal_id, food_type, since, amount) values (170, 'Milk', '5/15/2018', 11.7);
insert into feeding (animal_id, food_type, since, amount) values (65, 'Meat', '3/28/2018', 27.45);
insert into feeding (animal_id, food_type, since, amount) values (12, 'Bananas', '11/29/2017', 37.57);
insert into feeding (animal_id, food_type, since, amount) values (111, 'Straw', '5/7/2019', 98.72);
insert into feeding (animal_id, food_type, since, amount) values (31, 'Meat', '6/18/2018', 69.5);
insert into feeding (animal_id, food_type, since, amount) values (48, 'Beans', '7/2/2018', 13.83);
insert into feeding (animal_id, food_type, since, amount) values (162, 'Beans', '4/1/2018', 51.88);
insert into feeding (animal_id, food_type, since, amount) values (90, 'Yoghurt', '9/8/2017', 25.01);
insert into feeding (animal_id, food_type, since, amount) values (17, 'Meat', '5/26/2018', 77.63);
insert into feeding (animal_id, food_type, since,amount) values (201, 'Straw', '3/5/2019', 31.3);
insert into feeding (animal_id, food_type, since, amount) values (23, 'Beans', '12/22/2018', 69.86);
insert into feeding (animal_id, food_type, since, amount) values (57, 'Beans', '3/26/2019', 99.87);
insert into feeding (animal_id, food_type, since, amount) values (154, 'Milk', '1/11/2018', 47.85);
insert into feeding (animal_id, food_type, since, amount) values (49, 'Bananas', '12/26/2018', 62.12);
insert into feeding (animal_id, food_type, since, amount) values (84, 'Meat', '9/10/2018', 87.83);
insert into feeding (animal_id, food_type, since, amount) values (37, 'Bananas', '11/11/2017', 74.06);
insert into feeding (animal_id, food_type, since, amount) values (134, 'Milk', '5/1/2018', 71.49);
insert into feeding (animal_id, food_type, since, amount) values (124, 'Meat', '12/26/2018', 22.84);
insert into feeding (animal_id, food_type, since, amount) values (126, 'Meat', '12/14/2017', 93.92);
insert into feeding (animal_id, food_type, since, amount) values (145, 'Straw', '5/30/2019', 32.02);
insert into feeding (animal_id, food_type, since, amount) values (135, 'Bananas', '1/15/2018', 2.7);
insert into feeding (animal_id, food_type, since, amount) values (19, 'Straw', '5/6/2019', 80.23);
insert into feeding (animal_id, food_type, since, amount) values (135, 'Meat', '9/27/2017', 93.17);
insert into feeding (animal_id, food_type, since, amount) values (75, 'Beans', '11/5/2018', 96.34);
insert into feeding (animal_id, food_type, since, amount) values (1, 'Yoghurt', '6/8/2017', 98.6);
insert into feeding (animal_id, food_type, since, amount) values (105, 'Beans', '10/11/2017', 9.22);
insert into feeding (animal_id, food_type, since, amount) values (148, 'Beans', '7/6/2018', 20.7);
insert into feeding (animal_id, food_type, since, amount) values (4, 'Bananas', '8/3/2018', 29.04);
insert into feeding (animal_id, food_type, since, amount) values (123, 'Beans', '8/19/2017', 49.12);
insert into feeding (animal_id, food_type, since, amount) values (167, 'Yoghurt', '10/18/2018', 94.23);
insert into feeding (animal_id, food_type, since, amount) values (191, 'Milk', '11/27/2017', 33.96);
insert into feeding (animal_id, food_type, since, amount) values (113, 'Meat', '7/11/2017', 35.31);
insert into feeding (animal_id, food_type, since, amount) values (120, 'Yoghurt', '12/17/2018', 8.01);
insert into feeding (animal_id, food_type, since, amount) values (100, 'Meat', '12/15/2017', 7.73);
insert into feeding (animal_id, food_type, since, amount) values (3, 'Bananas', '11/1/2018', 71.65);
insert into feeding (animal_id, food_type, since, amount) values (114, 'Beans', '10/21/2018', 23.29);
insert into feeding (animal_id, food_type, since, amount) values (175, 'Bananas', '1/1/2018', 75.24);
insert into feeding (animal_id, food_type, since, amount) values (91, 'Beans', '1/29/2018', 35.9);
insert into feeding (animal_id, food_type, since, amount) values (96, 'Straw', '7/12/2017', 63.21);
insert into feeding (animal_id, food_type, since, amount) values (125, 'Bananas', '3/26/2019', 57.42);
insert into feeding (animal_id, food_type, since, amount) values (105, 'Straw', '12/27/2017', 30.97);
insert into feeding (animal_id, food_type, since, amount) values (92, 'Beans', '9/27/2018', 80.17);
insert into feeding (animal_id, food_type, since, amount) values (129, 'Yoghurt', '11/26/2017', 62.24);
insert into feeding (animal_id, food_type, since, amount) values (196, 'Bananas', '12/2/2017', 64.96);
insert into feeding (animal_id, food_type, since, amount) values (175, 'Yoghurt', '2/25/2019', 9.11);
insert into feeding (animal_id, food_type, since, amount) values (3, 'Bananas', '10/9/2017', 53.03);
insert into feeding (animal_id, food_type, since, amount) values (152, 'Yoghurt', '1/1/2019', 89.63);
insert into feeding (animal_id, food_type, since, amount) values (1, 'Milk', '4/2/2018', 82.14);
insert into feeding (animal_id, food_type, since, amount) values (23, 'Bananas', '5/7/2019', 13.92);
insert into feeding (animal_id, food_type, since, amount) values (173, 'Milk', '12/16/2017', 6.4);
insert into feeding (animal_id, food_type, since, amount) values (13, 'Meat', '7/5/2018', 17.14);
insert into feeding (animal_id, food_type, since, amount) values (181, 'Bananas', '6/11/2017', 80.74);
insert into feeding (animal_id, food_type, since, amount) values (128, 'Beans', '10/23/2017', 90.53);
insert into feeding (animal_id, food_type, since, amount) values (31, 'Yoghurt', '6/29/2017', 28.96);
insert into feeding (animal_id, food_type, since, amount) values (60, 'Yoghurt', '1/31/2019', 54.71);
insert into feeding (animal_id, food_type, since, amount) values (83, 'Straw', '4/7/2019', 92.09);
insert into feeding (animal_id, food_type, since, amount) values (198, 'Milk', '12/13/2018', 61.71);
insert into feeding (animal_id, food_type, since, amount) values (182, 'Straw', '7/23/2017', 7.74);
insert into feeding (animal_id, food_type, since, amount) values (55, 'Bananas', '6/7/2018', 13.19);
insert into feeding (animal_id, food_type, since, amount) values (130, 'Yoghurt', '11/21/2017', 41.55);
insert into feeding (animal_id, food_type, since, amount) values (48, 'Beans', '11/24/2017', 2.12);
insert into feeding (animal_id, food_type, since, amount) values (55, 'Milk', '3/12/2018', 4.48);
insert into feeding (animal_id, food_type, since, amount) values (142, 'Bananas', '12/16/2017', 61.89);
insert into feeding (animal_id, food_type, since, amount) values (42, 'Straw', '4/28/2019', 90.95);
insert into feeding (animal_id, food_type, since, amount) values (23, 'Meat', '8/5/2017', 57.82);
insert into feeding (animal_id, food_type, since, amount) values (20, 'Milk', '12/3/2018', 97.96);
insert into feeding (animal_id, food_type, since, amount) values (138, 'Meat', '7/4/2017', 14.39);
insert into feeding (animal_id, food_type, since, amount) values (112, 'Milk', '10/28/2017', 16.48);
insert into feeding (animal_id, food_type, since, amount) values (164, 'Straw', '6/24/2018', 45.92);
insert into feeding (animal_id, food_type, since, amount) values (87, 'Meat', '3/15/2019', 91.07);
insert into feeding (animal_id, food_type, since, amount) values (101, 'Yoghurt', '7/6/2018', 71.03);
insert into feeding (animal_id, food_type, since, amount) values (127, 'Beans', '11/17/2017', 36.68);
insert into feeding (animal_id, food_type, since, amount) values (125, 'Straw', '3/21/2019', 12.38);
insert into feeding (animal_id, food_type, since, amount) values (104, 'Milk', '1/5/2018', 35.43);
insert into feeding (animal_id, food_type, since, amount) values (185, 'Beans', '8/16/2018', 45.19);
insert into feeding (animal_id, food_type, since, amount) values (152, 'Bananas', '5/15/2019', 42.83);
insert into feeding (animal_id, food_type, since, amount) values (80, 'Yoghurt', '9/8/2017', 36.62);
insert into feeding (animal_id, food_type, since, amount) values (10, 'Yoghurt', '12/31/2018', 1.28);
insert into feeding (animal_id, food_type, since, amount) values (25, 'Meat', '3/19/2019', 29.51);
insert into feeding (animal_id, food_type, since, amount) values (122, 'Straw', '8/20/2018', 79.95);
insert into feeding (animal_id, food_type, since, amount) values (48, 'Milk', '8/21/2017', 78.4);
insert into feeding (animal_id, food_type, since, amount) values (182, 'Meat', '9/8/2017', 20.62);
insert into feeding (animal_id, food_type, since, amount) values (17, 'Beans', '3/25/2019', 86.37);
insert into feeding (animal_id, food_type, since, amount) values (111, 'Milk', '10/13/2018', 38.44);
insert into feeding (animal_id, food_type, since, amount) values (195, 'Bananas', '9/13/2018', 32.0);
insert into feeding (animal_id, food_type, since, amount) values (164, 'Beans', '11/11/2018', 78.29);
insert into feeding (animal_id, food_type, since, amount) values (6, 'Meat', '10/27/2017', 31.64);
insert into feeding (animal_id, food_type, since, amount) values (168, 'Beans', '6/15/2018', 29.71);
insert into feeding (animal_id, food_type, since, amount) values (182, 'Beans', '6/18/2017', 48.7);
insert into feeding (animal_id, food_type, since, amount) values (152, 'Meat', '5/12/2019', 58.94);
insert into feeding (animal_id, food_type, since, amount) values (20, 'Bananas', '1/20/2019', 83.89);
insert into feeding (animal_id, food_type, since, amount) values (161, 'Meat', '9/23/2017', 18.78);
insert into feeding (animal_id, food_type, since, amount) values (119, 'Bananas', '1/30/2019', 12.86);
insert into feeding (animal_id, food_type, since, amount) values (174, 'Beans', '1/21/2019', 60.61);
insert into feeding (animal_id, food_type, since, amount) values (45, 'Bananas', '8/20/2018', 58.62);
insert into feeding (animal_id, food_type, since, amount) values (21, 'Meat', '1/31/2019', 38.36);
insert into feeding (animal_id, food_type, since, amount) values (155, 'Straw', '5/2/2018', 35.68);
insert into feeding (animal_id, food_type, since, amount) values (72, 'Straw', '6/30/2018', 42.97);
insert into feeding (animal_id, food_type, since, amount) values (81, 'Milk', '3/6/2018', 15.65);
insert into feeding (animal_id, food_type, since, amount) values (176, 'Bananas', '1/14/2018', 31.26);
insert into feeding (animal_id, food_type, since, amount) values (64, 'Beans', '3/29/2018', 50.94);
insert into feeding (animal_id, food_type, since, amount) values (57, 'Beans', '12/5/2017', 7.09);
insert into feeding (animal_id, food_type, since, amount) values (111, 'Meat', '10/14/2017', 32.99);
insert into feeding (animal_id, food_type, since, amount) values (80, 'Straw', '10/25/2017', 41.28);
insert into feeding (animal_id, food_type, since, amount) values (145, 'Beans', '7/8/2018', 30.67);
insert into feeding (animal_id, food_type, since, amount) values (53, 'Meat', '10/1/2017', 77.08);
insert into feeding (animal_id, food_type, since, amount) values (171, 'Milk', '1/27/2018', 71.07);
insert into feeding (animal_id, food_type, since, amount) values (88, 'Meat', '4/2/2018', 87.76);

insert into animal_enclosure (animal_id, since, Area_name, Enclosure_num, End_date) values (1, '6/3/2017', 'Monkey', 9, '6/8/2017');
insert into animal_enclosure (animal_id, since, Area_name, Enclosure_num, End_date) values (2, '6/5/2017', 'Sea Life', 1, '6/6/2017');
insert into animal_enclosure (animal_id, since, Area_name, Enclosure_num, End_date) values (3, '6/5/2017', 'Monkey', 5, '6/7/2017');
insert into animal_enclosure (animal_id, since, Area_name, Enclosure_num, End_date) values (4, '6/3/2017', 'Reptiles', 3, '6/7/2017');
insert into animal_enclosure (animal_id, since, Area_name, Enclosure_num, End_date) values (5, '6/3/2017', 'Reptiles', 8, '6/6/2017');
insert into animal_enclosure (animal_id, since, Area_name, Enclosure_num, End_date) values (6, '6/5/2017', 'Sea Life', 9, '6/8/2017');
insert into animal_enclosure (animal_id, since, Area_name, Enclosure_num, End_date) values (7, '6/5/2017', 'Sea Life', 7, '6/6/2017');
insert into animal_enclosure (animal_id, since, Area_name, Enclosure_num, End_date) values (8, '6/5/2017', 'Reptiles', 7, '6/7/2017');
insert into animal_enclosure (animal_id, since, Area_name, Enclosure_num, End_date) values (9, '6/3/2017', 'Reptiles', 3, '6/7/2017');
insert into animal_enclosure (animal_id, since, Area_name, Enclosure_num, End_date) values (10, '6/3/2017', 'Big Cats', 10, '6/7/2017');
insert into animal_enclosure (animal_id, since, Area_name, Enclosure_num, End_date) values (11, '6/5/2017', 'Monkey', 6, '6/6/2017');
insert into animal_enclosure (animal_id, since, Area_name, Enclosure_num, End_date) values (12, '6/4/2017', 'Monkey', 10, '6/6/2017');
insert into animal_enclosure (animal_id, since, Area_name, Enclosure_num, End_date) values (13, '6/3/2017', 'Monkey', 1, '6/7/2017');
insert into animal_enclosure (animal_id, since, Area_name, Enclosure_num, End_date) values (14, '6/4/2017', 'Big Cats', 1, '6/6/2017');
insert into animal_enclosure (animal_id, since, Area_name, Enclosure_num, End_date) values (15, '6/4/2017', 'Sea Life', 7, '6/7/2017');
insert into animal_enclosure (animal_id, since, Area_name, Enclosure_num, End_date) values (16, '6/3/2017', 'Sea Life', 1, '6/6/2017');
insert into animal_enclosure (animal_id, since, Area_name, Enclosure_num, End_date) values (17, '6/5/2017', 'Monkey', 7, '6/6/2017');
insert into animal_enclosure (animal_id, since, Area_name, Enclosure_num, End_date) values (18, '6/3/2017', 'Reptiles', 10, '6/7/2017');
insert into animal_enclosure (animal_id, since, Area_name, Enclosure_num, End_date) values (19, '6/5/2017', 'Sea Life', 2, '6/7/2017');
insert into animal_enclosure (animal_id, since, Area_name, Enclosure_num, End_date) values (20, '6/5/2017', 'Sea Life', 4, '6/7/2017');
insert into animal_enclosure (animal_id, since, Area_name, Enclosure_num, End_date) values (21, '6/3/2017', 'Reptiles', 5, '6/6/2017');
insert into animal_enclosure (animal_id, since, Area_name, Enclosure_num, End_date) values (22, '6/5/2017', 'Sky Life', 10, '6/6/2017');
insert into animal_enclosure (animal_id, since, Area_name, Enclosure_num, End_date) values (23, '6/4/2017', 'Big Cats', 9, '6/7/2017');
insert into animal_enclosure (animal_id, since, Area_name, Enclosure_num, End_date) values (24, '6/5/2017', 'Monkey', 6, '6/8/2017');
insert into animal_enclosure (animal_id, since, Area_name, Enclosure_num, End_date) values (25, '6/5/2017', 'Monkey', 6, '6/8/2017');
insert into animal_enclosure (animal_id, since, Area_name, Enclosure_num, End_date) values (26, '6/5/2017', 'Sea Life', 6, '6/7/2017');
insert into animal_enclosure (animal_id, since, Area_name, Enclosure_num, End_date) values (27, '6/3/2017', 'Reptiles', 4, '6/8/2017');
insert into animal_enclosure (animal_id, since, Area_name, Enclosure_num, End_date) values (28, '6/4/2017', 'Monkey', 8, '6/7/2017');
insert into animal_enclosure (animal_id, since, Area_name, Enclosure_num, End_date) values (29, '6/5/2017', 'Sea Life', 8, '6/7/2017');
insert into animal_enclosure (animal_id, since, Area_name, Enclosure_num, End_date) values (30, '6/5/2017', 'Sea Life', 10, '6/6/2017');
insert into animal_enclosure (animal_id, since, Area_name, Enclosure_num, End_date) values (31, '6/5/2017', 'Sea Life', 4, '6/8/2017');
insert into animal_enclosure (animal_id, since, Area_name, Enclosure_num, End_date) values (32, '6/3/2017', 'Reptiles', 2, '6/6/2017');
insert into animal_enclosure (animal_id, since, Area_name, Enclosure_num, End_date) values (33, '6/4/2017', 'Big Cats', 5, '6/7/2017');
insert into animal_enclosure (animal_id, since, Area_name, Enclosure_num, End_date) values (34, '6/5/2017', 'Monkey', 7, '6/6/2017');
insert into animal_enclosure (animal_id, since, Area_name, Enclosure_num, End_date) values (35, '6/5/2017', 'Monkey', 2, '6/6/2017');
insert into animal_enclosure (animal_id, since, Area_name, Enclosure_num, End_date) values (36, '6/5/2017', 'Sky Life', 1, '6/7/2017');
insert into animal_enclosure (animal_id, since, Area_name, Enclosure_num, End_date) values (37, '6/3/2017', 'Reptiles', 8, '6/7/2017');
insert into animal_enclosure (animal_id, since, Area_name, Enclosure_num, End_date) values (38, '6/5/2017', 'Monkey', 10, '6/6/2017');
insert into animal_enclosure (animal_id, since, Area_name, Enclosure_num, End_date) values (39, '6/4/2017', 'Big Cats', 5, '6/7/2017');
insert into animal_enclosure (animal_id, since, Area_name, Enclosure_num, End_date) values (40, '6/5/2017', 'Big Cats', 5, '6/7/2017');
insert into animal_enclosure (animal_id, since, Area_name, Enclosure_num, End_date) values (41, '6/3/2017', 'Sky Life', 7, '6/7/2017');
insert into animal_enclosure (animal_id, since, Area_name, Enclosure_num, End_date) values (42, '6/4/2017', 'Big Cats', 5, '6/8/2017');
insert into animal_enclosure (animal_id, since, Area_name, Enclosure_num, End_date) values (43, '6/4/2017', 'Monkey', 4, '6/6/2017');
insert into animal_enclosure (animal_id, since, Area_name, Enclosure_num, End_date) values (44, '6/3/2017', 'Sky Life', 4, '6/8/2017');
insert into animal_enclosure (animal_id, since, Area_name, Enclosure_num, End_date) values (45, '6/5/2017', 'Monkey', 1, '6/7/2017');
insert into animal_enclosure (animal_id, since, Area_name, Enclosure_num, End_date) values (46, '6/5/2017', 'Monkey', 4, '6/7/2017');
insert into animal_enclosure (animal_id, since, Area_name, Enclosure_num, End_date) values (47, '6/3/2017', 'Big Cats', 1, '6/8/2017');
insert into animal_enclosure (animal_id, since, Area_name, Enclosure_num, End_date) values (48, '6/5/2017', 'Sea Life', 1, '6/7/2017');
insert into animal_enclosure (animal_id, since, Area_name, Enclosure_num, End_date) values (49, '6/5/2017', 'Sky Life', 8, '6/6/2017');
insert into animal_enclosure (animal_id, since, Area_name, Enclosure_num, End_date) values (50, '6/3/2017', 'Sea Life', 9, '6/7/2017');
insert into animal_enclosure (animal_id, since, Area_name, Enclosure_num, End_date) values (51, '6/5/2017', 'Sky Life', 3, '6/6/2017');
insert into animal_enclosure (animal_id, since, Area_name, Enclosure_num, End_date) values (52, '6/3/2017', 'Sea Life', 6, '6/6/2017');
insert into animal_enclosure (animal_id, since, Area_name, Enclosure_num, End_date) values (53, '6/4/2017', 'Sea Life', 6, '6/8/2017');
insert into animal_enclosure (animal_id, since, Area_name, Enclosure_num, End_date) values (54, '6/3/2017', 'Sea Life', 10, '6/8/2017');
insert into animal_enclosure (animal_id, since, Area_name, Enclosure_num, End_date) values (55, '6/5/2017', 'Sea Life', 2, '6/6/2017');
insert into animal_enclosure (animal_id, since, Area_name, Enclosure_num, End_date) values (56, '6/4/2017', 'Sea Life', 8, '6/8/2017');
insert into animal_enclosure (animal_id, since, Area_name, Enclosure_num, End_date) values (57, '6/5/2017', 'Sea Life', 7, '6/8/2017');
insert into animal_enclosure (animal_id, since, Area_name, Enclosure_num, End_date) values (58, '6/5/2017', 'Monkey', 1, '6/6/2017');
insert into animal_enclosure (animal_id, since, Area_name, Enclosure_num, End_date) values (59, '6/3/2017', 'Big Cats', 9, '6/7/2017');
insert into animal_enclosure (animal_id, since, Area_name, Enclosure_num, End_date) values (60, '6/5/2017', 'Monkey', 2, '6/7/2017');
insert into animal_enclosure (animal_id, since, Area_name, Enclosure_num, End_date) values (61, '6/3/2017', 'Big Cats', 9, '6/6/2017');
insert into animal_enclosure (animal_id, since, Area_name, Enclosure_num, End_date) values (62, '6/4/2017', 'Big Cats', 5, '6/8/2017');
insert into animal_enclosure (animal_id, since, Area_name, Enclosure_num, End_date) values (63, '6/3/2017', 'Sea Life', 6, '6/8/2017');
insert into animal_enclosure (animal_id, since, Area_name, Enclosure_num, End_date) values (64, '6/3/2017', 'Big Cats', 9, '6/8/2017');
insert into animal_enclosure (animal_id, since, Area_name, Enclosure_num, End_date) values (65, '6/4/2017', 'Monkey', 1, '6/8/2017');
insert into animal_enclosure (animal_id, since, Area_name, Enclosure_num, End_date) values (66, '6/5/2017', 'Sky Life', 5, '6/7/2017');
insert into animal_enclosure (animal_id, since, Area_name, Enclosure_num, End_date) values (67, '6/3/2017', 'Reptiles', 3, '6/8/2017');
insert into animal_enclosure (animal_id, since, Area_name, Enclosure_num, End_date) values (68, '6/5/2017', 'Sky Life', 2, '6/6/2017');
insert into animal_enclosure (animal_id, since, Area_name, Enclosure_num, End_date) values (69, '6/5/2017', 'Sea Life', 5, '6/7/2017');
insert into animal_enclosure (animal_id, since, Area_name, Enclosure_num, End_date) values (70, '6/4/2017', 'Sky Life', 7, '6/7/2017');
insert into animal_enclosure (animal_id, since, Area_name, Enclosure_num, End_date) values (71, '6/4/2017', 'Monkey', 10, '6/7/2017');
insert into animal_enclosure (animal_id, since, Area_name, Enclosure_num, End_date) values (72, '6/4/2017', 'Reptiles', 3, '6/6/2017');
insert into animal_enclosure (animal_id, since, Area_name, Enclosure_num, End_date) values (73, '6/3/2017', 'Big Cats', 5, '6/8/2017');
insert into animal_enclosure (animal_id, since, Area_name, Enclosure_num, End_date) values (74, '6/3/2017', 'Reptiles', 9, '6/7/2017');
insert into animal_enclosure (animal_id, since, Area_name, Enclosure_num, End_date) values (75, '6/5/2017', 'Monkey', 3, '6/8/2017');
insert into animal_enclosure (animal_id, since, Area_name, Enclosure_num, End_date) values (76, '6/3/2017', 'Sky Life', 2, '6/8/2017');
insert into animal_enclosure (animal_id, since, Area_name, Enclosure_num, End_date) values (77, '6/5/2017', 'Sea Life', 4, '6/7/2017');
insert into animal_enclosure (animal_id, since, Area_name, Enclosure_num, End_date) values (78, '6/3/2017', 'Monkey', 2, '6/6/2017');
insert into animal_enclosure (animal_id, since, Area_name, Enclosure_num, End_date) values (79, '6/3/2017', 'Sea Life', 9, '6/6/2017');
insert into animal_enclosure (animal_id, since, Area_name, Enclosure_num, End_date) values (80, '6/5/2017', 'Sky Life', 3, '6/7/2017');
insert into animal_enclosure (animal_id, since, Area_name, Enclosure_num, End_date) values (81, '6/4/2017', 'Reptiles', 9, '6/6/2017');
insert into animal_enclosure (animal_id, since, Area_name, Enclosure_num, End_date) values (82, '6/3/2017', 'Sky Life', 3, '6/8/2017');
insert into animal_enclosure (animal_id, since, Area_name, Enclosure_num, End_date) values (83, '6/4/2017', 'Sea Life', 2, '6/7/2017');
insert into animal_enclosure (animal_id, since, Area_name, Enclosure_num, End_date) values (84, '6/5/2017', 'Monkey', 9, '6/6/2017');
insert into animal_enclosure (animal_id, since, Area_name, Enclosure_num, End_date) values (85, '6/4/2017', 'Sea Life', 7, '6/6/2017');
insert into animal_enclosure (animal_id, since, Area_name, Enclosure_num, End_date) values (86, '6/3/2017', 'Reptiles', 3, '6/7/2017');
insert into animal_enclosure (animal_id, since, Area_name, Enclosure_num, End_date) values (87, '6/4/2017', 'Reptiles', 7, '6/8/2017');
insert into animal_enclosure (animal_id, since, Area_name, Enclosure_num, End_date) values (88, '6/3/2017', 'Monkey', 5, '6/8/2017');
insert into animal_enclosure (animal_id, since, Area_name, Enclosure_num, End_date) values (89, '6/4/2017', 'Reptiles', 8, '6/8/2017');
insert into animal_enclosure (animal_id, since, Area_name, Enclosure_num, End_date) values (90, '6/3/2017', 'Monkey', 4, '6/7/2017');
insert into animal_enclosure (animal_id, since, Area_name, Enclosure_num, End_date) values (91, '6/5/2017', 'Monkey', 10, '6/8/2017');
insert into animal_enclosure (animal_id, since, Area_name, Enclosure_num, End_date) values (92, '6/3/2017', 'Reptiles', 1, '6/6/2017');
insert into animal_enclosure (animal_id, since, Area_name, Enclosure_num, End_date) values (93, '6/4/2017', 'Sea Life', 1, '6/7/2017');
insert into animal_enclosure (animal_id, since, Area_name, Enclosure_num, End_date) values (94, '6/3/2017', 'Sea Life', 5, '6/8/2017');
insert into animal_enclosure (animal_id, since, Area_name, Enclosure_num, End_date) values (95, '6/5/2017', 'Monkey', 6, '6/6/2017');
insert into animal_enclosure (animal_id, since, Area_name, Enclosure_num, End_date) values (96, '6/4/2017', 'Reptiles', 8, '6/8/2017');
insert into animal_enclosure (animal_id, since, Area_name, Enclosure_num, End_date) values (97, '6/3/2017', 'Sky Life', 5, '6/8/2017');
insert into animal_enclosure (animal_id, since, Area_name, Enclosure_num, End_date) values (98, '6/4/2017', 'Monkey', 9, '6/6/2017');
insert into animal_enclosure (animal_id, since, Area_name, Enclosure_num, End_date) values (99, '6/4/2017', 'Sea Life', 6, '6/7/2017');
insert into animal_enclosure (animal_id, since, Area_name, Enclosure_num, End_date) values (100, '6/3/2017', 'Sky Life', 3, '6/7/2017');
insert into animal_enclosure (animal_id, since, Area_name, Enclosure_num, End_date) values (101, '6/3/2017', 'Sea Life', 2, '6/7/2017');
insert into animal_enclosure (animal_id, since, Area_name, Enclosure_num, End_date) values (102, '6/4/2017', 'Sky Life', 9, '6/6/2017');
insert into animal_enclosure (animal_id, since, Area_name, Enclosure_num, End_date) values (103, '6/4/2017', 'Sea Life', 4, '6/7/2017');
insert into animal_enclosure (animal_id, since, Area_name, Enclosure_num, End_date) values (104, '6/5/2017', 'Reptiles', 6, '6/6/2017');
insert into animal_enclosure (animal_id, since, Area_name, Enclosure_num, End_date) values (105, '6/3/2017', 'Monkey', 3, '6/7/2017');
insert into animal_enclosure (animal_id, since, Area_name, Enclosure_num, End_date) values (106, '6/3/2017', 'Reptiles', 7, '6/6/2017');
insert into animal_enclosure (animal_id, since, Area_name, Enclosure_num, End_date) values (107, '6/5/2017', 'Monkey', 8, '6/6/2017');
insert into animal_enclosure (animal_id, since, Area_name, Enclosure_num, End_date) values (108, '6/5/2017', 'Reptiles', 5, '6/7/2017');
insert into animal_enclosure (animal_id, since, Area_name, Enclosure_num, End_date) values (109, '6/3/2017', 'Big Cats', 5, '6/6/2017');
insert into animal_enclosure (animal_id, since, Area_name, Enclosure_num, End_date) values (110, '6/4/2017', 'Big Cats', 5, '6/6/2017');
insert into animal_enclosure (animal_id, since, Area_name, Enclosure_num, End_date) values (111, '6/4/2017', 'Big Cats', 8, '6/7/2017');
insert into animal_enclosure (animal_id, since, Area_name, Enclosure_num, End_date) values (112, '6/5/2017', 'Big Cats', 6, '6/6/2017');
insert into animal_enclosure (animal_id, since, Area_name, Enclosure_num, End_date) values (113, '6/3/2017', 'Sky Life', 2, '6/7/2017');
insert into animal_enclosure (animal_id, since, Area_name, Enclosure_num, End_date) values (114, '6/3/2017', 'Big Cats', 5, '6/8/2017');
insert into animal_enclosure (animal_id, since, Area_name, Enclosure_num, End_date) values (115, '6/5/2017', 'Sea Life', 10, '6/8/2017');
insert into animal_enclosure (animal_id, since, Area_name, Enclosure_num, End_date) values (116, '6/4/2017', 'Monkey', 1, '6/6/2017');
insert into animal_enclosure (animal_id, since, Area_name, Enclosure_num, End_date) values (117, '6/5/2017', 'Monkey', 7, '6/8/2017');
insert into animal_enclosure (animal_id, since, Area_name, Enclosure_num, End_date) values (118, '6/5/2017', 'Monkey', 8, '6/8/2017');
insert into animal_enclosure (animal_id, since, Area_name, Enclosure_num, End_date) values (119, '6/3/2017', 'Sky Life', 3, '6/8/2017');
insert into animal_enclosure (animal_id, since, Area_name, Enclosure_num, End_date) values (120, '6/3/2017', 'Sky Life', 3, '6/6/2017');
insert into animal_enclosure (animal_id, since, Area_name, Enclosure_num, End_date) values (121, '6/4/2017', 'Big Cats', 9, '6/6/2017');
insert into animal_enclosure (animal_id, since, Area_name, Enclosure_num, End_date) values (122, '6/5/2017', 'Sky Life', 1, '6/7/2017');
insert into animal_enclosure (animal_id, since, Area_name, Enclosure_num, End_date) values (123, '6/5/2017', 'Monkey', 10, '6/6/2017');
insert into animal_enclosure (animal_id, since, Area_name, Enclosure_num, End_date) values (124, '6/4/2017', 'Monkey', 10, '6/6/2017');
insert into animal_enclosure (animal_id, since, Area_name, Enclosure_num, End_date) values (125, '6/4/2017', 'Big Cats', 7, '6/6/2017');
insert into animal_enclosure (animal_id, since, Area_name, Enclosure_num, End_date) values (126, '6/3/2017', 'Sea Life', 3, '6/6/2017');
insert into animal_enclosure (animal_id, since, Area_name, Enclosure_num, End_date) values (127, '6/5/2017', 'Reptiles', 10, '6/8/2017');
insert into animal_enclosure (animal_id, since, Area_name, Enclosure_num, End_date) values (128, '6/4/2017', 'Monkey', 2, '6/6/2017');
insert into animal_enclosure (animal_id, since, Area_name, Enclosure_num, End_date) values (129, '6/3/2017', 'Sky Life', 5, '6/6/2017');
insert into animal_enclosure (animal_id, since, Area_name, Enclosure_num, End_date) values (130, '6/4/2017', 'Sea Life', 1, '6/8/2017');
insert into animal_enclosure (animal_id, since, Area_name, Enclosure_num, End_date) values (131, '6/3/2017', 'Big Cats', 7, '6/6/2017');
insert into animal_enclosure (animal_id, since, Area_name, Enclosure_num, End_date) values (132, '6/3/2017', 'Monkey', 7, '6/8/2017');
insert into animal_enclosure (animal_id, since, Area_name, Enclosure_num, End_date) values (133, '6/3/2017', 'Monkey', 2, '6/7/2017');
insert into animal_enclosure (animal_id, since, Area_name, Enclosure_num, End_date) values (134, '6/5/2017', 'Big Cats', 3, '6/6/2017');
insert into animal_enclosure (animal_id, since, Area_name, Enclosure_num, End_date) values (135, '6/4/2017', 'Big Cats', 5, '6/8/2017');
insert into animal_enclosure (animal_id, since, Area_name, Enclosure_num, End_date) values (136, '6/3/2017', 'Big Cats', 2, '6/6/2017');
insert into animal_enclosure (animal_id, since, Area_name, Enclosure_num, End_date) values (137, '6/5/2017', 'Sea Life', 6, '6/7/2017');
insert into animal_enclosure (animal_id, since, Area_name, Enclosure_num, End_date) values (138, '6/3/2017', 'Reptiles', 2, '6/6/2017');
insert into animal_enclosure (animal_id, since, Area_name, Enclosure_num, End_date) values (139, '6/3/2017', 'Reptiles', 7, '6/8/2017');
insert into animal_enclosure (animal_id, since, Area_name, Enclosure_num, End_date) values (140, '6/5/2017', 'Sea Life', 5, '6/6/2017');
insert into animal_enclosure (animal_id, since, Area_name, Enclosure_num, End_date) values (141, '6/4/2017', 'Reptiles', 9, '6/8/2017');
insert into animal_enclosure (animal_id, since, Area_name, Enclosure_num, End_date) values (142, '6/4/2017', 'Monkey', 7, '6/6/2017');
insert into animal_enclosure (animal_id, since, Area_name, Enclosure_num, End_date) values (143, '6/4/2017', 'Monkey', 8, '6/7/2017');
insert into animal_enclosure (animal_id, since, Area_name, Enclosure_num, End_date) values (144, '6/5/2017', 'Big Cats', 6, '6/8/2017');
insert into animal_enclosure (animal_id, since, Area_name, Enclosure_num, End_date) values (145, '6/3/2017', 'Sea Life', 4, '6/6/2017');
insert into animal_enclosure (animal_id, since, Area_name, Enclosure_num, End_date) values (146, '6/4/2017', 'Sea Life', 5, '6/6/2017');
insert into animal_enclosure (animal_id, since, Area_name, Enclosure_num, End_date) values (147, '6/4/2017', 'Sea Life', 5, '6/8/2017');
insert into animal_enclosure (animal_id, since, Area_name, Enclosure_num, End_date) values (148, '6/4/2017', 'Reptiles', 3, '6/7/2017');
insert into animal_enclosure (animal_id, since, Area_name, Enclosure_num, End_date) values (149, '6/5/2017', 'Reptiles', 4, '6/7/2017');
insert into animal_enclosure (animal_id, since, Area_name, Enclosure_num, End_date) values (150, '6/4/2017', 'Sea Life', 1, '6/6/2017');
insert into animal_enclosure (animal_id, since, Area_name, Enclosure_num, End_date) values (151, '6/4/2017', 'Sea Life', 5, '6/8/2017');
insert into animal_enclosure (animal_id, since, Area_name, Enclosure_num, End_date) values (152, '6/3/2017', 'Monkey', 7, '6/6/2017');
insert into animal_enclosure (animal_id, since, Area_name, Enclosure_num, End_date) values (153, '6/3/2017', 'Monkey', 4, '6/6/2017');
insert into animal_enclosure (animal_id, since, Area_name, Enclosure_num, End_date) values (154, '6/5/2017', 'Reptiles', 2, '6/8/2017');
insert into animal_enclosure (animal_id, since, Area_name, Enclosure_num, End_date) values (155, '6/3/2017', 'Monkey', 5, '6/6/2017');
insert into animal_enclosure (animal_id, since, Area_name, Enclosure_num, End_date) values (156, '6/4/2017', 'Sea Life', 3, '6/8/2017');
insert into animal_enclosure (animal_id, since, Area_name, Enclosure_num, End_date) values (157, '6/3/2017', 'Monkey', 2, '6/8/2017');
insert into animal_enclosure (animal_id, since, Area_name, Enclosure_num, End_date) values (158, '6/5/2017', 'Sea Life', 10, '6/6/2017');
insert into animal_enclosure (animal_id, since, Area_name, Enclosure_num, End_date) values (159, '6/3/2017', 'Big Cats', 3, '6/8/2017');
insert into animal_enclosure (animal_id, since, Area_name, Enclosure_num, End_date) values (160, '6/4/2017', 'Sea Life', 4, '6/8/2017');
insert into animal_enclosure (animal_id, since, Area_name, Enclosure_num, End_date) values (161, '6/5/2017', 'Sea Life', 2, '6/7/2017');
insert into animal_enclosure (animal_id, since, Area_name, Enclosure_num, End_date) values (162, '6/4/2017', 'Reptiles', 2, '6/8/2017');
insert into animal_enclosure (animal_id, since, Area_name, Enclosure_num, End_date) values (163, '6/4/2017', 'Sea Life', 1, '6/6/2017');
insert into animal_enclosure (animal_id, since, Area_name, Enclosure_num, End_date) values (164, '6/3/2017', 'Sea Life', 2, '6/8/2017');
insert into animal_enclosure (animal_id, since, Area_name, Enclosure_num, End_date) values (165, '6/4/2017', 'Reptiles', 4, '6/6/2017');
insert into animal_enclosure (animal_id, since, Area_name, Enclosure_num, End_date) values (166, '6/5/2017', 'Big Cats', 8, '6/8/2017');
insert into animal_enclosure (animal_id, since, Area_name, Enclosure_num, End_date) values (167, '6/5/2017', 'Sea Life', 4, '6/7/2017');
insert into animal_enclosure (animal_id, since, Area_name, Enclosure_num, End_date) values (168, '6/5/2017', 'Sea Life', 6, '6/7/2017');
insert into animal_enclosure (animal_id, since, Area_name, Enclosure_num, End_date) values (169, '6/3/2017', 'Reptiles', 8, '6/8/2017');
insert into animal_enclosure (animal_id, since, Area_name, Enclosure_num, End_date) values (170, '6/4/2017', 'Sky Life', 2, '6/6/2017');
insert into animal_enclosure (animal_id, since, Area_name, Enclosure_num, End_date) values (171, '6/4/2017', 'Reptiles', 7, '6/8/2017');
insert into animal_enclosure (animal_id, since, Area_name, Enclosure_num, End_date) values (172, '6/5/2017', 'Reptiles', 10, '6/7/2017');
insert into animal_enclosure (animal_id, since, Area_name, Enclosure_num, End_date) values (173, '6/5/2017', 'Reptiles', 8, '6/6/2017');
insert into animal_enclosure (animal_id, since, Area_name, Enclosure_num, End_date) values (174, '6/4/2017', 'Monkey', 4, '6/8/2017');
insert into animal_enclosure (animal_id, since, Area_name, Enclosure_num, End_date) values (175, '6/4/2017', 'Sky Life', 7, '6/7/2017');
insert into animal_enclosure (animal_id, since, Area_name, Enclosure_num, End_date) values (176, '6/4/2017', 'Sea Life', 6, '6/8/2017');
insert into animal_enclosure (animal_id, since, Area_name, Enclosure_num, End_date) values (177, '6/5/2017', 'Sea Life', 5, '6/6/2017');
insert into animal_enclosure (animal_id, since, Area_name, Enclosure_num, End_date) values (178, '6/4/2017', 'Big Cats', 7, '6/6/2017');
insert into animal_enclosure (animal_id, since, Area_name, Enclosure_num, End_date) values (179, '6/5/2017', 'Sky Life', 3, '6/7/2017');
insert into animal_enclosure (animal_id, since, Area_name, Enclosure_num, End_date) values (180, '6/3/2017', 'Sea Life', 10, '6/6/2017');
insert into animal_enclosure (animal_id, since, Area_name, Enclosure_num, End_date) values (181, '6/4/2017', 'Reptiles', 8, '6/6/2017');
insert into animal_enclosure (animal_id, since, Area_name, Enclosure_num, End_date) values (182, '6/4/2017', 'Sea Life', 8, '6/6/2017');
insert into animal_enclosure (animal_id, since, Area_name, Enclosure_num, End_date) values (183, '6/3/2017', 'Sea Life', 9, '6/6/2017');
insert into animal_enclosure (animal_id, since, Area_name, Enclosure_num, End_date) values (184, '6/3/2017', 'Reptiles', 1, '6/8/2017');
insert into animal_enclosure (animal_id, since, Area_name, Enclosure_num, End_date) values (185, '6/5/2017', 'Sea Life', 3, '6/6/2017');
insert into animal_enclosure (animal_id, since, Area_name, Enclosure_num, End_date) values (186, '6/3/2017', 'Reptiles', 1, '6/6/2017');
insert into animal_enclosure (animal_id, since, Area_name, Enclosure_num, End_date) values (187, '6/5/2017', 'Big Cats', 9, '6/7/2017');
insert into animal_enclosure (animal_id, since, Area_name, Enclosure_num, End_date) values (188, '6/3/2017', 'Sky Life', 8, '6/8/2017');
insert into animal_enclosure (animal_id, since, Area_name, Enclosure_num, End_date) values (189, '6/4/2017', 'Monkey', 7, '6/8/2017');
insert into animal_enclosure (animal_id, since, Area_name, Enclosure_num, End_date) values (190, '6/3/2017', 'Reptiles', 3, '6/6/2017');
insert into animal_enclosure (animal_id, since, Area_name, Enclosure_num, End_date) values (191, '6/4/2017', 'Big Cats', 5, '6/6/2017');
insert into animal_enclosure (animal_id, since, Area_name, Enclosure_num, End_date) values (192, '6/5/2017', 'Sky Life', 2, '6/6/2017');
insert into animal_enclosure (animal_id, since, Area_name, Enclosure_num, End_date) values (193, '6/3/2017', 'Reptiles', 9, '6/6/2017');
insert into animal_enclosure (animal_id, since, Area_name, Enclosure_num, End_date) values (194, '6/3/2017', 'Monkey', 7, '6/7/2017');
insert into animal_enclosure (animal_id, since, Area_name, Enclosure_num, End_date) values (195, '6/3/2017', 'Sky Life', 6, '6/8/2017');
insert into animal_enclosure (animal_id, since, Area_name, Enclosure_num, End_date) values (196, '6/3/2017', 'Sky Life', 1, '6/7/2017');
insert into animal_enclosure (animal_id, since, Area_name, Enclosure_num, End_date) values (197, '6/4/2017', 'Sky Life', 8, '6/6/2017');
insert into animal_enclosure (animal_id, since, Area_name, Enclosure_num, End_date) values (198, '6/4/2017', 'Reptiles', 7, '6/7/2017');
insert into animal_enclosure (animal_id, since, Area_name, Enclosure_num, End_date) values (199, '6/5/2017', 'Monkey', 5, '6/7/2017');
insert into animal_enclosure (animal_id, since, Area_name, Enclosure_num, End_date) values (200, '6/5/2017', 'Monkey', 2, '6/8/2017');
insert into animal_enclosure (animal_id, since, Area_name, Enclosure_num, End_date) values (201, '6/4/2017', 'Sea Life', 2, '6/7/2017');
insert into animal_enclosure (animal_id, since, Area_name, Enclosure_num, End_date) values (1, '6/10/2017', 'Big Cats', 2, '4/20/2018');
insert into animal_enclosure (animal_id, since, Area_name, Enclosure_num, End_date) values (2, '6/9/2017', 'Monkey', 9, '10/19/2017');
insert into animal_enclosure (animal_id, since, Area_name, Enclosure_num, End_date) values (3, '6/9/2017', 'Sea Life', 1, '8/14/2017');
insert into animal_enclosure (animal_id, since, Area_name, Enclosure_num, End_date) values (4, '6/11/2017', 'Sky Life', 2, '8/9/2017');
insert into animal_enclosure (animal_id, since, Area_name, Enclosure_num, End_date) values (5, '6/10/2017', 'Sea Life', 5, '8/7/2017');
insert into animal_enclosure (animal_id, since, Area_name, Enclosure_num, End_date) values (6, '6/10/2017', 'Reptiles', 1, '1/3/2018');
insert into animal_enclosure (animal_id, since, Area_name, Enclosure_num, End_date) values (7, '6/11/2017', 'Sea Life', 6, '5/13/2018');
insert into animal_enclosure (animal_id, since, Area_name, Enclosure_num, End_date) values (8, '6/10/2017', 'Reptiles', 5, '9/12/2017');
insert into animal_enclosure (animal_id, since, Area_name, Enclosure_num, End_date) values (9, '6/11/2017', 'Sky Life', 3, '10/12/2017');
insert into animal_enclosure (animal_id, since, Area_name, Enclosure_num, End_date) values (10, '6/10/2017', 'Big Cats', 10, '9/4/2017');
insert into animal_enclosure (animal_id, since, Area_name, Enclosure_num, End_date) values (11, '6/10/2017', 'Reptiles', 5, '5/5/2018');
insert into animal_enclosure (animal_id, since, Area_name, Enclosure_num, End_date) values (12, '6/11/2017', 'Sea Life', 10, '7/21/2017');
insert into animal_enclosure (animal_id, since, Area_name, Enclosure_num, End_date) values (13, '6/9/2017', 'Reptiles', 3, '3/10/2018');
insert into animal_enclosure (animal_id, since, Area_name, Enclosure_num, End_date) values (14, '6/11/2017', 'Monkey', 2, '10/5/2017');
insert into animal_enclosure (animal_id, since, Area_name, Enclosure_num, End_date) values (15, '6/9/2017', 'Reptiles', 5, '11/28/2017');
insert into animal_enclosure (animal_id, since, Area_name, Enclosure_num, End_date) values (16, '6/11/2017', 'Reptiles', 3, '4/18/2018');
insert into animal_enclosure (animal_id, since, Area_name, Enclosure_num, End_date) values (17, '6/11/2017', 'Sea Life', 1, '5/9/2018');
insert into animal_enclosure (animal_id, since, Area_name, Enclosure_num, End_date) values (18, '6/11/2017', 'Reptiles', 3, '2/13/2018');
insert into animal_enclosure (animal_id, since, Area_name, Enclosure_num, End_date) values (19, '6/11/2017', 'Sky Life', 6, '7/21/2017');
insert into animal_enclosure (animal_id, since, Area_name, Enclosure_num, End_date) values (20, '6/9/2017', 'Sea Life', 5, '8/16/2017');
insert into animal_enclosure (animal_id, since, Area_name, Enclosure_num, End_date) values (21, '6/9/2017', 'Sky Life', 2, '10/11/2017');
insert into animal_enclosure (animal_id, since, Area_name, Enclosure_num, End_date) values (22, '6/9/2017', 'Monkey', 9, '2/2/2018');
insert into animal_enclosure (animal_id, since, Area_name, Enclosure_num, End_date) values (23, '6/10/2017', 'Sea Life', 9, '2/13/2018');
insert into animal_enclosure (animal_id, since, Area_name, Enclosure_num, End_date) values (24, '6/10/2017', 'Sea Life', 1, '9/5/2017');
insert into animal_enclosure (animal_id, since, Area_name, Enclosure_num, End_date) values (25, '6/9/2017', 'Monkey', 5, '8/26/2017');
insert into animal_enclosure (animal_id, since, Area_name, Enclosure_num, End_date) values (26, '6/11/2017', 'Sky Life', 2, '9/16/2017');
insert into animal_enclosure (animal_id, since, Area_name, Enclosure_num, End_date) values (27, '6/10/2017', 'Reptiles', 2, '9/28/2017');
insert into animal_enclosure (animal_id, since, Area_name, Enclosure_num, End_date) values (28, '6/10/2017', 'Monkey', 1, '12/23/2017');
insert into animal_enclosure (animal_id, since, Area_name, Enclosure_num, End_date) values (29, '6/10/2017', 'Monkey', 2, '4/19/2018');
insert into animal_enclosure (animal_id, since, Area_name, Enclosure_num, End_date) values (30, '6/9/2017', 'Sea Life', 1, '9/22/2017');
insert into animal_enclosure (animal_id, since, Area_name, Enclosure_num, End_date) values (31, '6/11/2017', 'Monkey', 6, '7/31/2017');
insert into animal_enclosure (animal_id, since, Area_name, Enclosure_num, End_date) values (32, '6/10/2017', 'Sea Life', 3, '3/23/2018');
insert into animal_enclosure (animal_id, since, Area_name, Enclosure_num, End_date) values (33, '6/11/2017', 'Reptiles', 6, '2/10/2018');
insert into animal_enclosure (animal_id, since, Area_name, Enclosure_num, End_date) values (34, '6/10/2017', 'Reptiles', 6, '8/11/2017');
insert into animal_enclosure (animal_id, since, Area_name, Enclosure_num, End_date) values (35, '6/10/2017', 'Big Cats', 10, '9/12/2017');
insert into animal_enclosure (animal_id, since, Area_name, Enclosure_num, End_date) values (36, '6/11/2017', 'Reptiles', 10, '5/20/2018');
insert into animal_enclosure (animal_id, since, Area_name, Enclosure_num, End_date) values (37, '6/10/2017', 'Monkey', 3, '9/24/2017');
insert into animal_enclosure (animal_id, since, Area_name, Enclosure_num, End_date) values (38, '6/10/2017', 'Sea Life', 3, '3/14/2018');
insert into animal_enclosure (animal_id, since, Area_name, Enclosure_num, End_date) values (39, '6/10/2017', 'Big Cats', 9, '1/21/2018');
insert into animal_enclosure (animal_id, since, Area_name, Enclosure_num, End_date) values (40, '6/10/2017', 'Monkey', 4, '2/8/2018');
insert into animal_enclosure (animal_id, since, Area_name, Enclosure_num, End_date) values (41, '6/9/2017', 'Reptiles', 4, '2/2/2018');
insert into animal_enclosure (animal_id, since, Area_name, Enclosure_num, End_date) values (42, '6/11/2017', 'Sea Life', 5, '1/10/2018');
insert into animal_enclosure (animal_id, since, Area_name, Enclosure_num, End_date) values (43, '6/10/2017', 'Sea Life', 5, '9/26/2017');
insert into animal_enclosure (animal_id, since, Area_name, Enclosure_num, End_date) values (44, '6/11/2017', 'Reptiles', 8, '5/28/2018');
insert into animal_enclosure (animal_id, since, Area_name, Enclosure_num, End_date) values (45, '6/9/2017', 'Sky Life', 8, '10/1/2017');
insert into animal_enclosure (animal_id, since, Area_name, Enclosure_num, End_date) values (46, '6/11/2017', 'Reptiles', 4, '7/13/2017');
insert into animal_enclosure (animal_id, since, Area_name, Enclosure_num, End_date) values (47, '6/11/2017', 'Sea Life', 9, '3/19/2018');
insert into animal_enclosure (animal_id, since, Area_name, Enclosure_num, End_date) values (48, '6/11/2017', 'Monkey', 2, '10/1/2017');
insert into animal_enclosure (animal_id, since, Area_name, Enclosure_num, End_date) values (49, '6/10/2017', 'Sea Life', 9, '12/6/2017');
insert into animal_enclosure (animal_id, since, Area_name, Enclosure_num, End_date) values (50, '6/10/2017', 'Monkey', 6, '9/11/2017');
insert into animal_enclosure (animal_id, since, Area_name, Enclosure_num, End_date) values (51, '6/10/2017', 'Reptiles', 5, '7/4/2017');
insert into animal_enclosure (animal_id, since, Area_name, Enclosure_num, End_date) values (52, '6/9/2017', 'Big Cats', 4, '11/29/2017');
insert into animal_enclosure (animal_id, since, Area_name, Enclosure_num, End_date) values (53, '6/9/2017', 'Reptiles', 3, '11/4/2017');
insert into animal_enclosure (animal_id, since, Area_name, Enclosure_num, End_date) values (54, '6/10/2017', 'Reptiles', 3, '12/8/2017');
insert into animal_enclosure (animal_id, since, Area_name, Enclosure_num, End_date) values (55, '6/11/2017', 'Sky Life', 4, '12/9/2017');
insert into animal_enclosure (animal_id, since, Area_name, Enclosure_num, End_date) values (56, '6/11/2017', 'Big Cats', 6, '7/8/2017');
insert into animal_enclosure (animal_id, since, Area_name, Enclosure_num, End_date) values (57, '6/10/2017', 'Sky Life', 6, '1/5/2018');
insert into animal_enclosure (animal_id, since, Area_name, Enclosure_num, End_date) values (58, '6/9/2017', 'Sky Life', 5, '6/30/2017');
insert into animal_enclosure (animal_id, since, Area_name, Enclosure_num, End_date) values (59, '6/10/2017', 'Sea Life', 8, '10/2/2017');
insert into animal_enclosure (animal_id, since, Area_name, Enclosure_num, End_date) values (60, '6/9/2017', 'Monkey', 8, '10/16/2017');
insert into animal_enclosure (animal_id, since, Area_name, Enclosure_num, End_date) values (61, '6/9/2017', 'Sea Life', 6, '7/6/2017');
insert into animal_enclosure (animal_id, since, Area_name, Enclosure_num, End_date) values (62, '6/9/2017', 'Sky Life', 9, '2/26/2018');
insert into animal_enclosure (animal_id, since, Area_name, Enclosure_num, End_date) values (63, '6/9/2017', 'Reptiles', 7, '9/6/2017');
insert into animal_enclosure (animal_id, since, Area_name, Enclosure_num, End_date) values (64, '6/10/2017', 'Sea Life', 8, '4/26/2018');
insert into animal_enclosure (animal_id, since, Area_name, Enclosure_num, End_date) values (65, '6/10/2017', 'Sea Life', 4, '11/15/2017');
insert into animal_enclosure (animal_id, since, Area_name, Enclosure_num, End_date) values (66, '6/9/2017', 'Reptiles', 4, '6/20/2017');
insert into animal_enclosure (animal_id, since, Area_name, Enclosure_num, End_date) values (67, '6/11/2017', 'Sky Life', 8, '4/16/2018');
insert into animal_enclosure (animal_id, since, Area_name, Enclosure_num, End_date) values (68, '6/11/2017', 'Big Cats', 2, '3/8/2018');
insert into animal_enclosure (animal_id, since, Area_name, Enclosure_num, End_date) values (69, '6/9/2017', 'Monkey', 2, '7/27/2017');
insert into animal_enclosure (animal_id, since, Area_name, Enclosure_num, End_date) values (70, '6/9/2017', 'Reptiles', 6, '1/27/2018');
insert into animal_enclosure (animal_id, since, Area_name, Enclosure_num, End_date) values (71, '6/10/2017', 'Reptiles', 8, '6/28/2017');
insert into animal_enclosure (animal_id, since, Area_name, Enclosure_num, End_date) values (72, '6/9/2017', 'Reptiles', 1, '10/3/2017');
insert into animal_enclosure (animal_id, since, Area_name, Enclosure_num, End_date) values (73, '6/11/2017', 'Big Cats', 8, '7/30/2017');
insert into animal_enclosure (animal_id, since, Area_name, Enclosure_num, End_date) values (74, '6/9/2017', 'Monkey', 4, '1/23/2018');
insert into animal_enclosure (animal_id, since, Area_name, Enclosure_num, End_date) values (75, '6/9/2017', 'Sea Life', 7, '3/23/2018');
insert into animal_enclosure (animal_id, since, Area_name, Enclosure_num, End_date) values (76, '6/10/2017', 'Sea Life', 10, '6/25/2017');
insert into animal_enclosure (animal_id, since, Area_name, Enclosure_num, End_date) values (77, '6/11/2017', 'Monkey', 8, '1/20/2018');
insert into animal_enclosure (animal_id, since, Area_name, Enclosure_num, End_date) values (78, '6/10/2017', 'Big Cats', 8, '6/20/2017');
insert into animal_enclosure (animal_id, since, Area_name, Enclosure_num, End_date) values (79, '6/9/2017', 'Sky Life', 8, '7/19/2017');
insert into animal_enclosure (animal_id, since, Area_name, Enclosure_num, End_date) values (80, '6/9/2017', 'Monkey', 9, '11/30/2017');
insert into animal_enclosure (animal_id, since, Area_name, Enclosure_num, End_date) values (81, '6/9/2017', 'Sea Life', 2, '4/13/2018');
insert into animal_enclosure (animal_id, since, Area_name, Enclosure_num, End_date) values (82, '6/9/2017', 'Sky Life', 2, '3/20/2018');
insert into animal_enclosure (animal_id, since, Area_name, Enclosure_num, End_date) values (83, '6/11/2017', 'Monkey', 2, '10/21/2017');
insert into animal_enclosure (animal_id, since, Area_name, Enclosure_num, End_date) values (84, '6/9/2017', 'Big Cats', 5, '6/26/2017');
insert into animal_enclosure (animal_id, since, Area_name, Enclosure_num, End_date) values (85, '6/10/2017', 'Sea Life', 10, '5/3/2018');
insert into animal_enclosure (animal_id, since, Area_name, Enclosure_num, End_date) values (86, '6/9/2017', 'Big Cats', 5, '10/11/2017');
insert into animal_enclosure (animal_id, since, Area_name, Enclosure_num, End_date) values (87, '6/9/2017', 'Sky Life', 6, '10/26/2017');
insert into animal_enclosure (animal_id, since, Area_name, Enclosure_num, End_date) values (88, '6/9/2017', 'Sky Life', 3, '7/28/2017');
insert into animal_enclosure (animal_id, since, Area_name, Enclosure_num, End_date) values (89, '6/10/2017', 'Big Cats', 3, '9/5/2017');
insert into animal_enclosure (animal_id, since, Area_name, Enclosure_num, End_date) values (90, '6/11/2017', 'Sea Life', 6, '5/4/2018');
insert into animal_enclosure (animal_id, since, Area_name, Enclosure_num, End_date) values (91, '6/10/2017', 'Reptiles', 2, '3/3/2018');
insert into animal_enclosure (animal_id, since, Area_name, Enclosure_num, End_date) values (92, '6/10/2017', 'Sky Life', 2, '8/9/2017');
insert into animal_enclosure (animal_id, since, Area_name, Enclosure_num, End_date) values (93, '6/9/2017', 'Sea Life', 5, '6/13/2017');
insert into animal_enclosure (animal_id, since, Area_name, Enclosure_num, End_date) values (94, '6/11/2017', 'Sky Life', 1, '5/13/2018');
insert into animal_enclosure (animal_id, since, Area_name, Enclosure_num, End_date) values (95, '6/10/2017', 'Reptiles', 5, '3/11/2018');
insert into animal_enclosure (animal_id, since, Area_name, Enclosure_num, End_date) values (96, '6/11/2017', 'Reptiles', 5, '6/16/2017');
insert into animal_enclosure (animal_id, since, Area_name, Enclosure_num, End_date) values (97, '6/11/2017', 'Sky Life', 1, '8/6/2017');
insert into animal_enclosure (animal_id, since, Area_name, Enclosure_num, End_date) values (98, '6/11/2017', 'Big Cats', 1, '4/14/2018');
insert into animal_enclosure (animal_id, since, Area_name, Enclosure_num, End_date) values (99, '6/10/2017', 'Sky Life', 4, '10/20/2017');
insert into animal_enclosure (animal_id, since, Area_name, Enclosure_num, End_date) values (100, '6/9/2017', 'Sky Life', 9, '11/22/2017');
insert into animal_enclosure (animal_id, since, Area_name, Enclosure_num, End_date) values (101, '6/10/2017', 'Big Cats', 6, '3/21/2018');
insert into animal_enclosure (animal_id, since, Area_name, Enclosure_num, End_date) values (102, '6/11/2017', 'Sky Life', 10, '7/29/2017');
insert into animal_enclosure (animal_id, since, Area_name, Enclosure_num, End_date) values (103, '6/11/2017', 'Big Cats', 3, '6/16/2017');
insert into animal_enclosure (animal_id, since, Area_name, Enclosure_num, End_date) values (104, '6/10/2017', 'Sky Life', 5, '3/20/2018');
insert into animal_enclosure (animal_id, since, Area_name, Enclosure_num, End_date) values (105, '6/10/2017', 'Big Cats', 7, '3/3/2018');
insert into animal_enclosure (animal_id, since, Area_name, Enclosure_num, End_date) values (106, '6/9/2017', 'Sky Life', 1, '7/7/2017');
insert into animal_enclosure (animal_id, since, Area_name, Enclosure_num, End_date) values (107, '6/9/2017', 'Reptiles', 3, '10/31/2017');
insert into animal_enclosure (animal_id, since, Area_name, Enclosure_num, End_date) values (108, '6/11/2017', 'Monkey', 2, '5/9/2018');
insert into animal_enclosure (animal_id, since, Area_name, Enclosure_num, End_date) values (109, '6/10/2017', 'Monkey', 8, '12/5/2017');
insert into animal_enclosure (animal_id, since, Area_name, Enclosure_num, End_date) values (110, '6/9/2017', 'Sky Life', 4, '10/25/2017');
insert into animal_enclosure (animal_id, since, Area_name, Enclosure_num, End_date) values (111, '6/10/2017', 'Sea Life', 7, '8/3/2017');
insert into animal_enclosure (animal_id, since, Area_name, Enclosure_num, End_date) values (112, '6/10/2017', 'Big Cats', 1, '7/2/2017');
insert into animal_enclosure (animal_id, since, Area_name, Enclosure_num, End_date) values (113, '6/9/2017', 'Big Cats', 1, '11/9/2017');
insert into animal_enclosure (animal_id, since, Area_name, Enclosure_num, End_date) values (114, '6/10/2017', 'Sea Life', 4, '4/14/2018');
insert into animal_enclosure (animal_id, since, Area_name, Enclosure_num, End_date) values (115, '6/10/2017', 'Sky Life', 2, '4/21/2018');
insert into animal_enclosure (animal_id, since, Area_name, Enclosure_num, End_date) values (116, '6/9/2017', 'Sea Life', 7, '8/28/2017');
insert into animal_enclosure (animal_id, since, Area_name, Enclosure_num, End_date) values (117, '6/11/2017', 'Reptiles', 6, '10/16/2017');
insert into animal_enclosure (animal_id, since, Area_name, Enclosure_num, End_date) values (118, '6/11/2017', 'Sea Life', 4, '4/21/2018');
insert into animal_enclosure (animal_id, since, Area_name, Enclosure_num, End_date) values (119, '6/10/2017', 'Reptiles', 7, '4/1/2018');
insert into animal_enclosure (animal_id, since, Area_name, Enclosure_num, End_date) values (120, '6/11/2017', 'Sky Life', 5, '12/4/2017');
insert into animal_enclosure (animal_id, since, Area_name, Enclosure_num, End_date) values (121, '6/9/2017', 'Big Cats', 5, '9/26/2017');
insert into animal_enclosure (animal_id, since, Area_name, Enclosure_num, End_date) values (122, '6/9/2017', 'Monkey', 8, '2/24/2018');
insert into animal_enclosure (animal_id, since, Area_name, Enclosure_num, End_date) values (123, '6/10/2017', 'Monkey', 10, '5/27/2018');
insert into animal_enclosure (animal_id, since, Area_name, Enclosure_num, End_date) values (124, '6/11/2017', 'Sky Life', 7, '1/13/2018');
insert into animal_enclosure (animal_id, since, Area_name, Enclosure_num, End_date) values (125, '6/9/2017', 'Big Cats', 8, '8/6/2017');
insert into animal_enclosure (animal_id, since, Area_name, Enclosure_num, End_date) values (126, '6/10/2017', 'Sky Life', 8, '11/23/2017');
insert into animal_enclosure (animal_id, since, Area_name, Enclosure_num, End_date) values (127, '6/11/2017', 'Monkey', 9, '7/31/2017');
insert into animal_enclosure (animal_id, since, Area_name, Enclosure_num, End_date) values (128, '6/10/2017', 'Monkey', 1, '7/29/2017');
insert into animal_enclosure (animal_id, since, Area_name, Enclosure_num, End_date) values (129, '6/10/2017', 'Sky Life', 6, '5/2/2018');
insert into animal_enclosure (animal_id, since, Area_name, Enclosure_num, End_date) values (130, '6/10/2017', 'Sky Life', 9, '5/30/2018');
insert into animal_enclosure (animal_id, since, Area_name, Enclosure_num, End_date) values (131, '6/10/2017', 'Monkey', 4, '3/20/2018');
insert into animal_enclosure (animal_id, since, Area_name, Enclosure_num, End_date) values (132, '6/9/2017', 'Big Cats', 10, '11/19/2017');
insert into animal_enclosure (animal_id, since, Area_name, Enclosure_num, End_date) values (133, '6/9/2017', 'Monkey', 3, '10/2/2017');
insert into animal_enclosure (animal_id, since, Area_name, Enclosure_num, End_date) values (134, '6/11/2017', 'Reptiles', 1, '4/5/2018');
insert into animal_enclosure (animal_id, since, Area_name, Enclosure_num, End_date) values (135, '6/11/2017', 'Monkey', 4, '6/28/2017');
insert into animal_enclosure (animal_id, since, Area_name, Enclosure_num, End_date) values (136, '6/10/2017', 'Big Cats', 1, '1/7/2018');
insert into animal_enclosure (animal_id, since, Area_name, Enclosure_num, End_date) values (137, '6/9/2017', 'Monkey', 3, '8/10/2017');
insert into animal_enclosure (animal_id, since, Area_name, Enclosure_num, End_date) values (138, '6/9/2017', 'Sea Life', 6, '4/1/2018');
insert into animal_enclosure (animal_id, since, Area_name, Enclosure_num, End_date) values (139, '6/11/2017', 'Big Cats', 8, '11/27/2017');
insert into animal_enclosure (animal_id, since, Area_name, Enclosure_num, End_date) values (140, '6/11/2017', 'Monkey', 5, '3/6/2018');
insert into animal_enclosure (animal_id, since, Area_name, Enclosure_num, End_date) values (141, '6/10/2017', 'Sky Life', 5, '5/7/2018');
insert into animal_enclosure (animal_id, since, Area_name, Enclosure_num, End_date) values (142, '6/11/2017', 'Sea Life', 7, '8/4/2017');
insert into animal_enclosure (animal_id, since, Area_name, Enclosure_num, End_date) values (143, '6/9/2017', 'Sky Life', 10, '2/7/2018');
insert into animal_enclosure (animal_id, since, Area_name, Enclosure_num, End_date) values (144, '6/11/2017', 'Monkey', 7, '1/7/2018');
insert into animal_enclosure (animal_id, since, Area_name, Enclosure_num, End_date) values (145, '6/10/2017', 'Sky Life', 1, '8/4/2017');
insert into animal_enclosure (animal_id, since, Area_name, Enclosure_num, End_date) values (146, '6/9/2017', 'Big Cats', 5, '11/21/2017');
insert into animal_enclosure (animal_id, since, Area_name, Enclosure_num, End_date) values (147, '6/10/2017', 'Sea Life', 3, '9/5/2017');
insert into animal_enclosure (animal_id, since, Area_name, Enclosure_num, End_date) values (148, '6/9/2017', 'Reptiles', 7, '2/8/2018');
insert into animal_enclosure (animal_id, since, Area_name, Enclosure_num, End_date) values (149, '6/9/2017', 'Sky Life', 2, '3/8/2018');
insert into animal_enclosure (animal_id, since, Area_name, Enclosure_num, End_date) values (150, '6/10/2017', 'Sea Life', 4, '7/5/2017');
insert into animal_enclosure (animal_id, since, Area_name, Enclosure_num, End_date) values (151, '6/10/2017', 'Monkey', 10, '9/27/2017');
insert into animal_enclosure (animal_id, since, Area_name, Enclosure_num, End_date) values (152, '6/9/2017', 'Big Cats', 3, '9/16/2017');
insert into animal_enclosure (animal_id, since, Area_name, Enclosure_num, End_date) values (153, '6/11/2017', 'Monkey', 3, '9/9/2017');
insert into animal_enclosure (animal_id, since, Area_name, Enclosure_num, End_date) values (154, '6/11/2017', 'Sky Life', 10, '1/2/2018');
insert into animal_enclosure (animal_id, since, Area_name, Enclosure_num, End_date) values (155, '6/11/2017', 'Monkey', 8, '7/6/2017');
insert into animal_enclosure (animal_id, since, Area_name, Enclosure_num, End_date) values (156, '6/11/2017', 'Sky Life', 10, '10/17/2017');
insert into animal_enclosure (animal_id, since, Area_name, Enclosure_num, End_date) values (157, '6/11/2017', 'Big Cats', 10, '7/11/2017');
insert into animal_enclosure (animal_id, since, Area_name, Enclosure_num, End_date) values (158, '6/11/2017', 'Reptiles', 7, '7/15/2017');
insert into animal_enclosure (animal_id, since, Area_name, Enclosure_num, End_date) values (159, '6/9/2017', 'Reptiles', 4, '2/8/2018');
insert into animal_enclosure (animal_id, since, Area_name, Enclosure_num, End_date) values (160, '6/11/2017', 'Sea Life', 4, '1/7/2018');
insert into animal_enclosure (animal_id, since, Area_name, Enclosure_num, End_date) values (161, '6/9/2017', 'Sea Life', 8, '8/14/2017');
insert into animal_enclosure (animal_id, since, Area_name, Enclosure_num, End_date) values (162, '6/11/2017', 'Sea Life', 8, '6/1/2018');
insert into animal_enclosure (animal_id, since, Area_name, Enclosure_num, End_date) values (163, '6/9/2017', 'Monkey', 8, '4/23/2018');
insert into animal_enclosure (animal_id, since, Area_name, Enclosure_num, End_date) values (164, '6/11/2017', 'Sky Life', 2, '9/4/2017');
insert into animal_enclosure (animal_id, since, Area_name, Enclosure_num, End_date) values (165, '6/10/2017', 'Sea Life', 8, '9/25/2017');
insert into animal_enclosure (animal_id, since, Area_name, Enclosure_num, End_date) values (166, '6/11/2017', 'Big Cats', 6, '11/18/2017');
insert into animal_enclosure (animal_id, since, Area_name, Enclosure_num, End_date) values (167, '6/10/2017', 'Reptiles', 3, '12/25/2017');
insert into animal_enclosure (animal_id, since, Area_name, Enclosure_num, End_date) values (168, '6/10/2017', 'Big Cats', 2, '4/10/2018');
insert into animal_enclosure (animal_id, since, Area_name, Enclosure_num, End_date) values (169, '6/9/2017', 'Monkey', 10, '2/11/2018');
insert into animal_enclosure (animal_id, since, Area_name, Enclosure_num, End_date) values (170, '6/10/2017', 'Reptiles', 5, '9/28/2017');
insert into animal_enclosure (animal_id, since, Area_name, Enclosure_num, End_date) values (171, '6/9/2017', 'Monkey', 4, '3/19/2018');
insert into animal_enclosure (animal_id, since, Area_name, Enclosure_num, End_date) values (172, '6/11/2017', 'Reptiles', 2, '11/16/2017');
insert into animal_enclosure (animal_id, since, Area_name, Enclosure_num, End_date) values (173, '6/9/2017', 'Sea Life', 4, '11/4/2017');
insert into animal_enclosure (animal_id, since, Area_name, Enclosure_num, End_date) values (174, '6/9/2017', 'Big Cats', 5, '12/29/2017');
insert into animal_enclosure (animal_id, since, Area_name, Enclosure_num, End_date) values (175, '6/10/2017', 'Sky Life', 5, '9/12/2017');
insert into animal_enclosure (animal_id, since, Area_name, Enclosure_num, End_date) values (176, '6/11/2017', 'Reptiles', 1, '12/30/2017');
insert into animal_enclosure (animal_id, since, Area_name, Enclosure_num, End_date) values (177, '6/11/2017', 'Sky Life', 5, '2/15/2018');
insert into animal_enclosure (animal_id, since, Area_name, Enclosure_num, End_date) values (178, '6/11/2017', 'Monkey', 7, '4/13/2018');
insert into animal_enclosure (animal_id, since, Area_name, Enclosure_num, End_date) values (179, '6/10/2017', 'Reptiles', 3, '2/26/2018');
insert into animal_enclosure (animal_id, since, Area_name, Enclosure_num, End_date) values (180, '6/9/2017', 'Sky Life', 1, '5/11/2018');
insert into animal_enclosure (animal_id, since, Area_name, Enclosure_num, End_date) values (181, '6/9/2017', 'Monkey', 2, '7/12/2017');
insert into animal_enclosure (animal_id, since, Area_name, Enclosure_num, End_date) values (182, '6/11/2017', 'Reptiles', 4, '5/16/2018');
insert into animal_enclosure (animal_id, since, Area_name, Enclosure_num, End_date) values (183, '6/11/2017', 'Big Cats', 5, '7/12/2017');
insert into animal_enclosure (animal_id, since, Area_name, Enclosure_num, End_date) values (184, '6/11/2017', 'Monkey', 10, '6/26/2017');
insert into animal_enclosure (animal_id, since, Area_name, Enclosure_num, End_date) values (185, '6/10/2017', 'Sea Life', 9, '10/17/2017');
insert into animal_enclosure (animal_id, since, Area_name, Enclosure_num, End_date) values (186, '6/11/2017', 'Big Cats', 10, '6/29/2017');
insert into animal_enclosure (animal_id, since, Area_name, Enclosure_num, End_date) values (187, '6/9/2017', 'Monkey', 1, '1/24/2018');
insert into animal_enclosure (animal_id, since, Area_name, Enclosure_num, End_date) values (188, '6/11/2017', 'Sea Life', 3, '6/20/2017');
insert into animal_enclosure (animal_id, since, Area_name, Enclosure_num, End_date) values (189, '6/11/2017', 'Big Cats', 9, '1/6/2018');
insert into animal_enclosure (animal_id, since, Area_name, Enclosure_num, End_date) values (190, '6/10/2017', 'Sea Life', 7, '1/10/2018');
insert into animal_enclosure (animal_id, since, Area_name, Enclosure_num, End_date) values (191, '6/11/2017', 'Reptiles', 6, '10/6/2017');
insert into animal_enclosure (animal_id, since, Area_name, Enclosure_num, End_date) values (192, '6/11/2017', 'Big Cats', 10, '7/26/2017');
insert into animal_enclosure (animal_id, since, Area_name, Enclosure_num, End_date) values (193, '6/9/2017', 'Reptiles', 6, '2/14/2018');
insert into animal_enclosure (animal_id, since, Area_name, Enclosure_num, End_date) values (194, '6/9/2017', 'Sky Life', 8, '12/13/2017');
insert into animal_enclosure (animal_id, since, Area_name, Enclosure_num, End_date) values (195, '6/9/2017', 'Monkey', 10, '9/8/2017');
insert into animal_enclosure (animal_id, since, Area_name, Enclosure_num, End_date) values (196, '6/11/2017', 'Sky Life', 4, '11/7/2017');
insert into animal_enclosure (animal_id, since, Area_name, Enclosure_num, End_date) values (197, '6/11/2017', 'Sea Life', 10, '7/20/2017');
insert into animal_enclosure (animal_id, since, Area_name, Enclosure_num, End_date) values (198, '6/10/2017', 'Big Cats', 1, '3/23/2018');
insert into animal_enclosure (animal_id, since, Area_name, Enclosure_num, End_date) values (199, '6/9/2017', 'Monkey', 8, '1/11/2018');
insert into animal_enclosure (animal_id, since, Area_name, Enclosure_num, End_date) values (200, '6/10/2017', 'Reptiles', 2, '8/1/2017');
insert into animal_enclosure (animal_id, since, Area_name, Enclosure_num, End_date) values (201, '6/11/2017', 'Sea Life', 9, '7/22/2017');

insert into reintroduction (animal_id, reintroduction_date, location, comment) values (199, '6/7/2018', 'Manacapuru', null);
insert into reintroduction (animal_id, reintroduction_date, location, comment) values (136, '6/6/2018', 'Gannan', null);
insert into reintroduction (animal_id, reintroduction_date, location, comment) values (19, '6/7/2018', 'Berlin', null);
insert into reintroduction (animal_id, reintroduction_date, location, comment) values (16, '6/5/2018', 'Korolëv Stan', null);
insert into reintroduction (animal_id, reintroduction_date, location, comment) values (14, '6/7/2018', 'Liuhao', null);
insert into reintroduction (animal_id, reintroduction_date, location, comment) values (172, '6/4/2018', 'Andekantor', null);
insert into reintroduction (animal_id, reintroduction_date, location, comment) values (48, '6/3/2018', 'Colima', null);
insert into reintroduction (animal_id, reintroduction_date, location, comment) values (10, '6/3/2018', 'Rantīs', null);
insert into reintroduction (animal_id, reintroduction_date, location, comment) values (17, '6/4/2018', 'Borehbangle', null);
insert into reintroduction (animal_id, reintroduction_date, location, comment) values (170, '6/7/2018', 'Espinosa', null);
insert into reintroduction (animal_id, reintroduction_date, location, comment) values (105, '6/4/2018', 'Bueng Khong Long', null);
insert into reintroduction (animal_id, reintroduction_date, location, comment) values (191, '6/7/2018', 'Chegdomyn', null);
insert into reintroduction (animal_id, reintroduction_date, location, comment) values (17, '6/6/2018', 'Horokhiv', null);
insert into reintroduction (animal_id, reintroduction_date, location, comment) values (122, '6/5/2018', 'Turochak', null);
insert into reintroduction (animal_id, reintroduction_date, location, comment) values (126, '6/5/2018', 'Samoljica', null);
insert into reintroduction (animal_id, reintroduction_date, location, comment) values (103, '6/8/2018', 'Waeng Yai', null);
insert into reintroduction (animal_id, reintroduction_date, location, comment) values (4, '6/6/2018', 'Chortkiv', null);
insert into reintroduction (animal_id, reintroduction_date, location, comment) values (177, '6/7/2018', 'Beigong', null);
insert into reintroduction (animal_id, reintroduction_date, location, comment) values (89, '6/6/2018', 'Jimusa’er', null);
insert into reintroduction (animal_id, reintroduction_date, location, comment) values (148, '6/5/2018', 'Sidon', null);
insert into reintroduction (animal_id, reintroduction_date, location, comment) values (70, '6/6/2018', 'Gaoyao', null);
insert into reintroduction (animal_id, reintroduction_date, location, comment) values (149, '6/5/2018', 'Gyeongsan-si', null);
insert into reintroduction (animal_id, reintroduction_date, location, comment) values (37, '6/7/2018', 'Castleknock', null);
insert into reintroduction (animal_id, reintroduction_date, location, comment) values (143, '6/5/2018', 'Dukuhpicung', null);
insert into reintroduction (animal_id, reintroduction_date, location, comment) values (126, '6/6/2018', 'Puyung', null);
insert into reintroduction (animal_id, reintroduction_date, location, comment) values (53, '6/7/2018', 'Mojokerto', null);
insert into reintroduction (animal_id, reintroduction_date, location, comment) values (74, '6/7/2018', 'Tongqiao', null);
insert into reintroduction (animal_id, reintroduction_date, location, comment) values (10, '6/7/2018', 'Gotemba', null);
insert into reintroduction (animal_id, reintroduction_date, location, comment) values (171, '6/4/2018', 'Carcavelos', null);
insert into reintroduction (animal_id, reintroduction_date, location, comment) values (37, '6/3/2018', 'Jinshan', null);
insert into reintroduction (animal_id, reintroduction_date, location, comment) values (134, '6/5/2018', 'Andorinha', null);
insert into reintroduction (animal_id, reintroduction_date, location, comment) values (178, '6/7/2018', 'Campo Alegre', null);
insert into reintroduction (animal_id, reintroduction_date, location, comment) values (136, '6/5/2018', 'Kangar', null);
insert into reintroduction (animal_id, reintroduction_date, location, comment) values (30, '6/8/2018', 'Si’erbao', null);
insert into reintroduction (animal_id, reintroduction_date, location, comment) values (108, '6/8/2018', 'Fornelos', null);
insert into reintroduction (animal_id, reintroduction_date, location, comment) values (37, '6/8/2018', 'Al Qaţīf', null);
insert into reintroduction (animal_id, reintroduction_date, location, comment) values (77, '6/6/2018', 'Negombo', null);
insert into reintroduction (animal_id, reintroduction_date, location, comment) values (62, '6/5/2018', 'Bolo', null);
insert into reintroduction (animal_id, reintroduction_date, location, comment) values (4, '6/4/2018', 'Tambulatana', null);
insert into reintroduction (animal_id, reintroduction_date, location, comment) values (187, '6/5/2018', 'Shuangxi', null);
insert into reintroduction (animal_id, reintroduction_date, location, comment) values (139, '6/4/2018', 'Vällingby', null);
insert into reintroduction (animal_id, reintroduction_date, location, comment) values (106, '6/4/2018', 'Insrom', null);
insert into reintroduction (animal_id, reintroduction_date, location, comment) values (143, '6/3/2018', 'Apalit', null);
insert into reintroduction (animal_id, reintroduction_date, location, comment) values (120, '6/7/2018', 'Choa Saidān Shāh', null);
insert into reintroduction (animal_id, reintroduction_date, location, comment) values (172, '6/7/2018', 'Shijak', null);
insert into reintroduction (animal_id, reintroduction_date, location, comment) values (47, '6/5/2018', 'Kebonan', null);
insert into reintroduction (animal_id, reintroduction_date, location, comment) values (30, '6/7/2018', 'Ivanteyevka', null);
insert into reintroduction (animal_id, reintroduction_date, location, comment) values (23, '6/3/2018', 'Kamuli', null);
insert into reintroduction (animal_id, reintroduction_date, location, comment) values (181, '6/3/2018', 'Staryy Krym', null);
insert into reintroduction (animal_id, reintroduction_date, location, comment) values (121, '6/4/2018', 'Dangjiaxian', null);

insert into exchange (animal_id, exchange_date, return_date, comment, Loan_type, place) values (84, '6/10/2017', '2/1/2018', null, 'from', 'Kabukarudi');
insert into exchange (animal_id, exchange_date, return_date, comment, Loan_type, place) values (174, '6/11/2017', '4/28/2018', null, 'to', 'Besançon');
insert into exchange (animal_id, exchange_date, return_date, comment, Loan_type, place) values (125, '6/11/2017', '12/17/2017', null, 'to', 'Pingyang');
insert into exchange (animal_id, exchange_date, return_date, comment, Loan_type, place) values (170, '6/11/2017', '7/5/2017', null, 'from', 'El Cardo');
insert into exchange (animal_id, exchange_date, return_date, comment, Loan_type, place) values (39, '6/10/2017', '10/20/2017', null, 'from', 'Dortmund');
insert into exchange (animal_id, exchange_date, return_date, comment, Loan_type, place) values (43, '6/10/2017', '10/15/2017', null, 'to', 'Erping');
insert into exchange (animal_id, exchange_date, return_date, comment, Loan_type, place) values (183, '6/10/2017', '2/27/2018', null, 'to', 'Quţūr');
insert into exchange (animal_id, exchange_date, return_date, comment, Loan_type, place) values (102, '6/11/2017', '7/18/2017', null, 'from', 'Alicante/Alacant');
insert into exchange (animal_id, exchange_date, return_date, comment, Loan_type, place) values (91, '6/11/2017', '3/25/2018', null, 'to', 'Monteros');
insert into exchange (animal_id, exchange_date, return_date, comment, Loan_type, place) values (92, '6/11/2017', '7/13/2017', null, 'from', 'Eustaquio Lopez');
insert into exchange (animal_id, exchange_date, return_date, comment, Loan_type, place) values (57, '6/10/2017', '8/17/2017', null, 'from', 'Achiras');
insert into exchange (animal_id, exchange_date, return_date, comment, Loan_type, place) values (18, '6/9/2017', '10/9/2017', null, 'from', 'Marapat');
insert into exchange (animal_id, exchange_date, return_date, comment, Loan_type, place) values (172, '6/9/2017', '11/24/2017', null, 'from', 'Wujiayao');
insert into exchange (animal_id, exchange_date, return_date, comment, Loan_type, place) values (61, '6/9/2017', '12/14/2017', null, 'from', 'Jelat');
insert into exchange (animal_id, exchange_date, return_date, comment, Loan_type, place) values (63, '6/10/2017', '1/21/2018', null, 'from', 'Koson Shahri');
insert into exchange (animal_id, exchange_date, return_date, comment, Loan_type, place) values (28, '6/11/2017', '12/18/2017', null, 'from', 'Sundbyberg');
insert into exchange (animal_id, exchange_date, return_date, comment, Loan_type, place) values (52, '6/10/2017', '7/27/2017', null, 'to', 'Bořitov');
insert into exchange (animal_id, exchange_date, return_date, comment, Loan_type, place) values (1, '6/11/2017', '1/31/2018', null, 'to', 'Danxi');
insert into exchange (animal_id, exchange_date, return_date, comment, Loan_type, place) values (64, '6/11/2017', '8/25/2017', null, 'to', 'Parung');
insert into exchange (animal_id, exchange_date, return_date, comment, Loan_type, place) values (101, '6/11/2017', '2/15/2018', null, 'from', 'Rejoagung');
insert into exchange (animal_id, exchange_date, return_date, comment, Loan_type, place) values (90, '6/10/2017', '3/12/2018', null, 'to', 'Puzi');
insert into exchange (animal_id, exchange_date, return_date, comment, Loan_type, place) values (103, '6/10/2017', '5/15/2018', null, 'from', 'Umeå');
insert into exchange (animal_id, exchange_date, return_date, comment, Loan_type, place) values (105, '6/11/2017', '7/14/2017', null, 'to', 'Si’erbao');
insert into exchange (animal_id, exchange_date, return_date, comment, Loan_type, place) values (38, '6/10/2017', '10/8/2017', null, 'from', 'Noisy-le-Grand');
insert into exchange (animal_id, exchange_date, return_date, comment, Loan_type, place) values (26, '6/9/2017', '3/14/2018', null, 'to', 'Xambabazar');
insert into exchange (animal_id, exchange_date, return_date, comment, Loan_type, place) values (164, '6/11/2017', '10/25/2017', null, 'to', 'Nandayure');
insert into exchange (animal_id, exchange_date, return_date, comment, Loan_type, place) values (167, '6/10/2017', '1/20/2018', null, 'to', 'Góra');
insert into exchange (animal_id, exchange_date, return_date, comment, Loan_type, place) values (87, '6/9/2017', '2/25/2018', null, 'to', 'Querecotillo');
insert into exchange (animal_id, exchange_date, return_date, comment, Loan_type, place) values (18, '6/11/2017', '2/16/2018', null, 'to', 'Medenine');
insert into exchange (animal_id, exchange_date, return_date, comment, Loan_type, place) values (126, '6/11/2017', '1/1/2018', null, 'to', 'Monte');
insert into exchange (animal_id, exchange_date, return_date, comment, Loan_type, place) values (144, '6/11/2017', '11/17/2017', null, 'to', 'Cipadung Timur');
insert into exchange (animal_id, exchange_date, return_date, comment, Loan_type, place) values (38, '6/9/2017', '1/1/2018', null, 'to', 'Kostarea Satu');
insert into exchange (animal_id, exchange_date, return_date, comment, Loan_type, place) values (157, '6/10/2017', '1/5/2018', null, 'to', 'Haibara');
insert into exchange (animal_id, exchange_date, return_date, comment, Loan_type, place) values (87, '6/11/2017', '2/26/2018', null, 'to', 'Anulid');
insert into exchange (animal_id, exchange_date, return_date, comment, Loan_type, place) values (124, '6/10/2017', '3/16/2018', null, 'from', 'San Diego');
insert into exchange (animal_id, exchange_date, return_date, comment, Loan_type, place) values (57, '6/11/2017', '12/1/2017', null, 'to', 'Los Cóndores');
insert into exchange (animal_id, exchange_date, return_date, comment, Loan_type, place) values (78, '6/10/2017', '12/25/2017', null, 'to', 'Donskoy');
insert into exchange (animal_id, exchange_date, return_date, comment, Loan_type, place) values (141, '6/9/2017', '2/20/2018', null, 'to', 'Willemstad');
insert into exchange (animal_id, exchange_date, return_date, comment, Loan_type, place) values (17, '6/9/2017', '2/4/2018', null, 'to', 'Samburat');
insert into exchange (animal_id, exchange_date, return_date, comment, Loan_type, place) values (177, '6/10/2017', '10/26/2017', null, 'to', 'Parse');
insert into exchange (animal_id, exchange_date, return_date, comment, Loan_type, place) values (107, '6/9/2017', '12/29/2017', null, 'to', 'Adani');
insert into exchange (animal_id, exchange_date, return_date, comment, Loan_type, place) values (133, '6/9/2017', '2/13/2018', null, 'from', 'Passos');
insert into exchange (animal_id, exchange_date, return_date, comment, Loan_type, place) values (146, '6/9/2017', '11/5/2017', null, 'to', 'Kazanskoye');
insert into exchange (animal_id, exchange_date, return_date, comment, Loan_type, place) values (110, '6/10/2017', '5/14/2018', null, 'from', 'Sanyang');
insert into exchange (animal_id, exchange_date, return_date, comment, Loan_type, place) values (148, '6/10/2017', '11/9/2017', null, 'from', 'Desa Kertasari');
insert into exchange (animal_id, exchange_date, return_date, comment, Loan_type, place) values (27, '6/10/2017', '7/23/2017', null, 'from', 'Tilburg');
insert into exchange (animal_id, exchange_date, return_date, comment, Loan_type, place) values (161, '6/11/2017', '11/27/2017', null, 'to', 'Buenavista');
insert into exchange (animal_id, exchange_date, return_date, comment, Loan_type, place) values (114, '6/9/2017', '4/21/2018', null, 'from', 'Sezemice');
insert into exchange (animal_id, exchange_date, return_date, comment, Loan_type, place) values (106, '6/11/2017', '8/8/2017', null, 'from', 'Xiangdong');
insert into exchange (animal_id, exchange_date, return_date, comment, Loan_type, place) values (150, '6/10/2017', '7/3/2017', null, 'from', 'Leuwayang');

insert into spotted (animal_id, spot_date) values (48, '8/4/2018');
insert into spotted (animal_id, spot_date) values (103, '7/22/2018');
insert into spotted (animal_id, spot_date) values (103, '6/18/2018');
insert into spotted (animal_id, spot_date) values (191, '6/7/2018');
insert into spotted (animal_id, spot_date) values (89, '7/26/2018');
insert into spotted (animal_id, spot_date) values (177, '7/30/2018');
insert into spotted (animal_id, spot_date) values (48, '8/27/2018');
insert into spotted (animal_id, spot_date) values (136, '6/8/2018');
insert into spotted (animal_id, spot_date) values (122, '7/12/2018');
insert into spotted (animal_id, spot_date) values (170, '8/12/2018');
insert into spotted (animal_id, spot_date) values (177, '7/9/2018');
insert into spotted (animal_id, spot_date) values (105, '6/11/2018');
insert into spotted (animal_id, spot_date) values (177, '7/7/2018');
insert into spotted (animal_id, spot_date) values (136, '6/11/2018');
insert into spotted (animal_id, spot_date) values (89, '6/22/2018');
insert into spotted (animal_id, spot_date) values (10, '7/19/2018');
insert into spotted (animal_id, spot_date) values (172, '8/8/2018');
insert into spotted (animal_id, spot_date) values (170, '7/19/2018');
insert into spotted (animal_id, spot_date) values (17, '6/18/2018');
insert into spotted (animal_id, spot_date) values (191, '7/28/2018');
insert into spotted (animal_id, spot_date) values (170, '7/7/2018');
insert into spotted (animal_id, spot_date) values (191, '7/5/2018');
insert into spotted (animal_id, spot_date) values (126, '6/9/2018');
insert into spotted (animal_id, spot_date) values (17, '8/16/2018');
insert into spotted (animal_id, spot_date) values (16, '8/3/2018');
insert into spotted (animal_id, spot_date) values (19, '6/24/2018');
insert into spotted (animal_id, spot_date) values (122, '8/5/2018');
insert into spotted (animal_id, spot_date) values (103, '7/21/2018');
insert into spotted (animal_id, spot_date) values (17, '8/24/2018');
insert into spotted (animal_id, spot_date) values (170, '9/1/2018');
insert into spotted (animal_id, spot_date) values (48, '9/3/2018');
insert into spotted (animal_id, spot_date) values (199, '8/31/2018');
insert into spotted (animal_id, spot_date) values (191, '7/13/2018');
insert into spotted (animal_id, spot_date) values (16, '6/30/2018');
insert into spotted (animal_id, spot_date) values (191, '6/29/2018');
insert into spotted (animal_id, spot_date) values (191, '7/1/2018');
insert into spotted (animal_id, spot_date) values (177, '8/13/2018');
insert into spotted (animal_id, spot_date) values (170, '8/18/2018');
insert into spotted (animal_id, spot_date) values (105, '6/9/2018');
insert into spotted (animal_id, spot_date) values (199, '6/23/2018');
insert into spotted (animal_id, spot_date) values (48, '8/29/2018');
insert into spotted (animal_id, spot_date) values (19, '6/17/2018');
insert into spotted (animal_id, spot_date) values (19, '6/8/2018');
insert into spotted (animal_id, spot_date) values (136, '6/23/2018');
insert into spotted (animal_id, spot_date) values (122, '8/28/2018');
insert into spotted (animal_id, spot_date) values (122, '9/2/2018');
insert into spotted (animal_id, spot_date) values (136, '7/22/2018');
insert into spotted (animal_id, spot_date) values (191, '7/4/2018');
insert into spotted (animal_id, spot_date) values (89, '8/12/2018');
insert into spotted (animal_id, spot_date) values (19, '9/1/2018');

insert into mating (animal_id, mating_date, mating_place, mate_id) values (20, '1/21/2018', 'Leuwihalang', 55);
insert into mating (animal_id, mating_date, mating_place, mate_id) values (15, '2/2/2018', 'Nuštar', 51);
insert into mating (animal_id, mating_date, mating_place, mate_id) values (25, '1/13/2018', 'Gressier', 65);
insert into mating (animal_id, mating_date, mating_place, mate_id) values (32, '2/27/2018', 'Yaguajay', 91);
insert into mating (animal_id, mating_date, mating_place, mate_id) values (28, '2/12/2018', 'Changyuan', 83);
insert into mating (animal_id, mating_date, mating_place, mate_id) values (12, '1/23/2018', 'Firenze', 75);
insert into mating (animal_id, mating_date, mating_place, mate_id) values (7, '2/14/2018', 'Qingxi', 79);
insert into mating (animal_id, mating_date, mating_place, mate_id) values (8, '2/16/2018', 'Butubut Norte', 73);
insert into mating (animal_id, mating_date, mating_place, mate_id) values (4, '1/14/2018', 'Vodstroy', 60);
insert into mating (animal_id, mating_date, mating_place, mate_id) values (27, '1/14/2018', 'Bayt Liqyā', 91);
insert into mating (animal_id, mating_date, mating_place, mate_id) values (50, '1/18/2018', 'Byuravan', 82);
insert into mating (animal_id, mating_date, mating_place, mate_id) values (18, '2/19/2018', 'Haoba', 97);
insert into mating (animal_id, mating_date, mating_place, mate_id) values (32, '1/15/2018', 'Independence', 94);
insert into mating (animal_id, mating_date, mating_place, mate_id) values (16, '1/8/2018', 'Bender', 55);
insert into mating (animal_id, mating_date, mating_place, mate_id) values (45, '2/2/2018', 'Arapongas', 97);
insert into mating (animal_id, mating_date, mating_place, mate_id) values (6, '2/24/2018', 'Cácota', 96);
insert into mating (animal_id, mating_date, mating_place, mate_id) values (47, '2/23/2018', 'Purral', 66);
insert into mating (animal_id, mating_date, mating_place, mate_id) values (2, '2/18/2018', 'Valdemārpils', 83);
insert into mating (animal_id, mating_date, mating_place, mate_id) values (15, '1/26/2018', 'Bershet’', 52);
insert into mating (animal_id, mating_date, mating_place, mate_id) values (33, '1/17/2018', 'San Gregorio', 66);
insert into mating (animal_id, mating_date, mating_place, mate_id) values (29, '1/16/2018', 'Zwolle', 90);
insert into mating (animal_id, mating_date, mating_place, mate_id) values (49, '2/26/2018', 'Nobres', 75);
insert into mating (animal_id, mating_date, mating_place, mate_id) values (29, '1/31/2018', 'Taurage', 73);
insert into mating (animal_id, mating_date, mating_place, mate_id) values (35, '2/7/2018', 'Huesca', 90);
insert into mating (animal_id, mating_date, mating_place, mate_id) values (40, '2/19/2018', 'Angers', 98);
insert into mating (animal_id, mating_date, mating_place, mate_id) values (49, '2/11/2018', 'Douentza', 78);
insert into mating (animal_id, mating_date, mating_place, mate_id) values (40, '2/7/2018', 'Boticas', 98);
insert into mating (animal_id, mating_date, mating_place, mate_id) values (36, '1/7/2018', 'Vishnyakovskiye Dachi', 90);
insert into mating (animal_id, mating_date, mating_place, mate_id) values (43, '2/1/2018', 'Zhuangtou', 74);
insert into mating (animal_id, mating_date, mating_place, mate_id) values (49, '1/18/2018', 'Songlong', 66);
insert into mating (animal_id, mating_date, mating_place, mate_id) values (49, '2/13/2018', 'Tianta', 72);
insert into mating (animal_id, mating_date, mating_place, mate_id) values (48, '2/19/2018', 'Santa Cruz del Sur', 69);
insert into mating (animal_id, mating_date, mating_place, mate_id) values (8, '2/2/2018', 'Gävle', 92);
insert into mating (animal_id, mating_date, mating_place, mate_id) values (7, '1/20/2018', 'Laoqiao', 80);
insert into mating (animal_id, mating_date, mating_place, mate_id) values (50, '2/8/2018', 'Cerca la Source', 69);
insert into mating (animal_id, mating_date, mating_place, mate_id) values (33, '1/13/2018', 'Banjarsari', 77);
insert into mating (animal_id, mating_date, mating_place, mate_id) values (40, '2/14/2018', 'Iradan', 73);
insert into mating (animal_id, mating_date, mating_place, mate_id) values (7, '2/21/2018', 'Panyuran', 85);
insert into mating (animal_id, mating_date, mating_place, mate_id) values (9, '2/5/2018', 'Bilicenii Vechi', 83);
insert into mating (animal_id, mating_date, mating_place, mate_id) values (13, '1/19/2018', 'Toulouse', 72);
insert into mating (animal_id, mating_date, mating_place, mate_id) values (42, '1/9/2018', 'Brody', 67);
insert into mating (animal_id, mating_date, mating_place, mate_id) values (25, '2/2/2018', 'Xi’an', 97);
insert into mating (animal_id, mating_date, mating_place, mate_id) values (49, '1/15/2018', 'Wa’erma', 93);
insert into mating (animal_id, mating_date, mating_place, mate_id) values (27, '1/23/2018', 'Zhanggongmiao', 66);
insert into mating (animal_id, mating_date, mating_place, mate_id) values (20, '2/17/2018', 'Paltashaco', 79);
insert into mating (animal_id, mating_date, mating_place, mate_id) values (42, '3/1/2018', 'São Torcato', 51);
insert into mating (animal_id, mating_date, mating_place, mate_id) values (2, '2/8/2018', 'Lallayug', 64);
insert into mating (animal_id, mating_date, mating_place, mate_id) values (31, '1/7/2018', 'Andrijaševci', 88);
insert into mating (animal_id, mating_date, mating_place, mate_id) values (14, '2/12/2018', 'Lucaya', 96);
insert into mating (animal_id, mating_date, mating_place, mate_id) values (28, '2/4/2018', 'Ganting', 68);

insert into offspring (mating_date, offspring_name, animal_id, offspring_id) values ('1/21/2018', 'Katinka',20 , 101);
insert into offspring (mating_date, offspring_name, animal_id, offspring_id) values ('2/2/2018', 'Cris', 15, 102);
insert into offspring (mating_date, offspring_name, animal_id, offspring_id) values ('1/13/2018', 'Ainslie', 25, 103);
insert into offspring (mating_date, offspring_name, animal_id, offspring_id) values ('2/27/2018', 'Gusti', 32, 104);
insert into offspring (mating_date, offspring_name, animal_id, offspring_id) values ('2/12/2018', 'Zola', 28, 105);
insert into offspring (mating_date, offspring_name, animal_id, offspring_id) values ('1/23/2018', 'Firenze', 12, null);
insert into offspring (mating_date, offspring_name, animal_id, offspring_id) values ('2/14/2018', 'Lezlie', 7, 106);
insert into offspring (mating_date, offspring_name, animal_id, offspring_id) values ('2/16/2018', 'Kimberlyn', 8, 107);
insert into offspring (mating_date, offspring_name, animal_id, offspring_id) values ('1/14/2018', 'Vodstroy', 4, null);
insert into offspring (mating_date, offspring_name, animal_id, offspring_id) values ('1/14/2018', 'Bayt Liqyā', 27, null);
insert into offspring (mating_date, offspring_name, animal_id, offspring_id) values ('1/18/2018', 'Byuravan', 50, null);
insert into offspring (mating_date, offspring_name, animal_id, offspring_id) values ('2/19/2018', 'Andromache', 18, 108);
insert into offspring (mating_date, offspring_name, animal_id, offspring_id) values ('1/15/2018', 'Maynord', 32, 109);
insert into offspring (mating_date, offspring_name, animal_id, offspring_id) values ('1/8/2018', 'Elysha', 16, 110);
insert into offspring (mating_date, offspring_name, animal_id, offspring_id) values ('2/2/2018', 'Norry', 45, 111);
insert into offspring (mating_date, offspring_name, animal_id, offspring_id) values ('2/24/2018', 'Brigida', 6, 112);
insert into offspring (mating_date, offspring_name, animal_id, offspring_id) values ('2/23/2018', 'Purral', 47, null);
insert into offspring (mating_date, offspring_name, animal_id, offspring_id) values ('2/18/2018', 'Valdemārpils', 2, null);
insert into offspring (mating_date, offspring_name, animal_id, offspring_id) values ('1/26/2018', 'Clarinda', 15, 113);
insert into offspring (mating_date, offspring_name, animal_id, offspring_id) values ('1/17/2018', 'Jerald', 33, 114);
insert into offspring (mating_date, offspring_name, animal_id, offspring_id) values ('1/16/2018', 'Zwolle', 29, null);
insert into offspring (mating_date, offspring_name, animal_id, offspring_id) values ('2/26/2018', 'Nobres', 49, null);
insert into offspring (mating_date, offspring_name, animal_id, offspring_id) values ('1/31/2018', 'Nahum', 29, 115);
insert into offspring (mating_date, offspring_name, animal_id, offspring_id) values ('2/7/2018', 'Reba', 35, 116);
insert into offspring (mating_date, offspring_name, animal_id, offspring_id) values ('2/19/2018', 'Antin', 40, 117);
insert into offspring (mating_date, offspring_name, animal_id, offspring_id) values ('2/11/2018', 'Washington', 49, 118);
insert into offspring (mating_date, offspring_name, animal_id, offspring_id) values ('2/7/2018', 'Tony', 40, 119);
insert into offspring (mating_date, offspring_name, animal_id, offspring_id) values ('1/7/2018', 'Jackquelin', 36, 120);
insert into offspring (mating_date, offspring_name, animal_id, offspring_id) values ('2/1/2018', 'Zhuangtou', 43, null);
insert into offspring (mating_date, offspring_name, animal_id, offspring_id) values ('1/18/2018', 'Songlong', 49, null);
insert into offspring (mating_date, offspring_name, animal_id, offspring_id) values ('2/13/2018', 'Tianta', 49, null);
insert into offspring (mating_date, offspring_name, animal_id, offspring_id) values ('2/19/2018', 'Jessamyn', 48, 121);
insert into offspring (mating_date, offspring_name, animal_id, offspring_id) values ('2/2/2018', 'Gävle', 8, null);
insert into offspring (mating_date, offspring_name, animal_id, offspring_id) values ('1/20/2018', 'Britteny', 7, 122);
insert into offspring (mating_date, offspring_name, animal_id, offspring_id) values ('2/8/2018', 'Byrann', 50, 123);
insert into offspring (mating_date, offspring_name, animal_id, offspring_id) values ('1/13/2018', 'Meier', 33, 124);
insert into offspring (mating_date, offspring_name, animal_id, offspring_id) values ('2/14/2018', 'Timotheus', 40, 125);
insert into offspring (mating_date, offspring_name, animal_id, offspring_id) values ('2/21/2018', 'Tobie', 7, 126);
insert into offspring (mating_date, offspring_name, animal_id, offspring_id) values ('2/5/2018', 'Bilicenii Vechi', 9, null);
insert into offspring (mating_date, offspring_name, animal_id, offspring_id) values ('1/19/2018', 'Toulouse', 13, null);
insert into offspring (mating_date, offspring_name, animal_id, offspring_id) values ('1/9/2018', 'Marlo', 42, 127);
insert into offspring (mating_date, offspring_name, animal_id, offspring_id) values ('2/2/2018', 'Shayne', 25, 128);
insert into offspring (mating_date, offspring_name, animal_id, offspring_id) values ('1/15/2018', 'Gardener', 49, 129);
insert into offspring (mating_date, offspring_name, animal_id, offspring_id) values ('1/23/2018', 'Pauly', 27, 130);
insert into offspring (mating_date, offspring_name, animal_id, offspring_id) values ('2/17/2018', 'Paltashaco', 20, null);
insert into offspring (mating_date, offspring_name, animal_id, offspring_id) values ('3/1/2018', 'São Torcato', 42, null);
insert into offspring (mating_date, offspring_name, animal_id, offspring_id) values ('2/8/2018', 'Lallayug', 2, null);
insert into offspring (mating_date, offspring_name, animal_id, offspring_id) values ('1/7/2018', 'Gordy', 31, 131);
insert into offspring (mating_date, offspring_name, animal_id, offspring_id) values ('2/12/2018', 'Josefa', 14, 132);
insert into offspring (mating_date, offspring_name, animal_id, offspring_id) values ('2/4/2018', 'Sigismondo', 28, 133);

insert into vet (vet_name) values ('Zondra Tother');
insert into vet (vet_name) values ('Oliviero Dun');
insert into vet (vet_name) values ('Mickie Freddi');
insert into vet (vet_name) values ('Erich Castell');
insert into vet (vet_name) values ('Helene Faulkner');

insert into prescription (prescription) values ('SODIUM MONOFLUOROPHOSPHATE');
insert into prescription (prescription) values ('Famotidine');
insert into prescription (prescription) values ('AVOBENZONE OXYBENZONE OCTYL METHOXYCINNAMATE');
insert into prescription (prescription) values ('Ibuprofen');
insert into prescription (prescription) values ('Nortriptyline Hydrochloride');
insert into prescription (prescription) values ('ETHYL ALCOHOL');
insert into prescription (prescription) values ('Primidone');
insert into prescription (prescription) values ('Acetaminophen Doxylamine succinate and Phenylephrine Hydrochloride');
insert into prescription (prescription) values ('Chloroxylenol');
insert into prescription (prescription) values ('CARBAMAZEPINE');

insert into diagnosis (diagnosis_name) values ('Pregnant'),
                                              ('Broken leg'),
                                              ('Ill'),
                                              ('Diabetes'),
                                              ('Broken arm'),
                                              ('Malaria');

insert into animal_visits_vet (animal_id, visit_date, Prescription, vet_name, next_visit) values (56, '10/17/2017', 'Famotidine', 'Erich Castell', null);
insert into animal_visits_vet (animal_id, visit_date, Prescription, vet_name, next_visit) values (22, '1/21/2018', 'AVOBENZONE OXYBENZONE OCTYL METHOXYCINNAMATE', 'Oliviero Dun', null);
insert into animal_visits_vet (animal_id, visit_date, Prescription, vet_name, next_visit) values (157, '10/26/2017', 'Nortriptyline Hydrochloride', 'Oliviero Dun', null);
insert into animal_visits_vet (animal_id, visit_date, Prescription, vet_name, next_visit) values (3, '10/20/2017', 'Acetaminophen Doxylamine succinate and Phenylephrine Hydrochloride', 'Mickie Freddi', null);
insert into animal_visits_vet (animal_id, visit_date, Prescription, vet_name, next_visit) values (150, '12/16/2017', 'Chloroxylenol', 'Oliviero Dun', null);
insert into animal_visits_vet (animal_id, visit_date, Prescription, vet_name, next_visit) values (139, '1/31/2018', 'Chloroxylenol', 'Mickie Freddi', null);
insert into animal_visits_vet (animal_id, visit_date, Prescription, vet_name, next_visit) values (6, '10/11/2017', 'Acetaminophen Doxylamine succinate and Phenylephrine Hydrochloride', 'Oliviero Dun', null);
insert into animal_visits_vet (animal_id, visit_date, Prescription, vet_name, next_visit) values (144, '9/27/2017', 'Chloroxylenol', 'Mickie Freddi', null);
insert into animal_visits_vet (animal_id, visit_date, Prescription, vet_name, next_visit) values (164, '9/12/2017', 'Famotidine', 'Oliviero Dun', null);
insert into animal_visits_vet (animal_id, visit_date, Prescription, vet_name, next_visit) values (41, '3/7/2018', 'ETHYL ALCOHOL', 'Helene Faulkner', null);
insert into animal_visits_vet (animal_id, visit_date, Prescription, vet_name, next_visit) values (66, '3/18/2018', 'SODIUM MONOFLUOROPHOSPHATE', 'Zondra Tother', null);
insert into animal_visits_vet (animal_id, visit_date, Prescription, vet_name, next_visit) values (150, '11/7/2017', 'Primidone', 'Helene Faulkner', null);
insert into animal_visits_vet (animal_id, visit_date, Prescription, vet_name, next_visit) values (25, '10/27/2017', 'AVOBENZONE OXYBENZONE OCTYL METHOXYCINNAMATE', 'Zondra Tother', null);
insert into animal_visits_vet (animal_id, visit_date, Prescription, vet_name, next_visit) values (179, '3/18/2018', 'CARBAMAZEPINE', 'Mickie Freddi', null);
insert into animal_visits_vet (animal_id, visit_date, Prescription, vet_name, next_visit) values (172, '8/21/2017', 'AVOBENZONE OXYBENZONE OCTYL METHOXYCINNAMATE', 'Helene Faulkner', null);
insert into animal_visits_vet (animal_id, visit_date, Prescription, vet_name, next_visit) values (195, '12/9/2017', 'Ibuprofen', 'Mickie Freddi', null);
insert into animal_visits_vet (animal_id, visit_date, Prescription, vet_name, next_visit) values (68, '9/9/2017', 'CARBAMAZEPINE', 'Oliviero Dun', null);
insert into animal_visits_vet (animal_id, visit_date, Prescription, vet_name, next_visit) values (68, '4/3/2018', 'SODIUM MONOFLUOROPHOSPHATE', 'Erich Castell', null);
insert into animal_visits_vet (animal_id, visit_date, Prescription, vet_name, next_visit) values (97, '4/25/2018', 'Nortriptyline Hydrochloride', 'Erich Castell', null);
insert into animal_visits_vet (animal_id, visit_date, Prescription, vet_name, next_visit) values (30, '6/6/2017', 'SODIUM MONOFLUOROPHOSPHATE', 'Mickie Freddi', null);
insert into animal_visits_vet (animal_id, visit_date, Prescription, vet_name, next_visit) values (192, '9/13/2017', 'Ibuprofen', 'Mickie Freddi', null);
insert into animal_visits_vet (animal_id, visit_date, Prescription, vet_name, next_visit) values (102, '11/13/2017', 'AVOBENZONE OXYBENZONE OCTYL METHOXYCINNAMATE', 'Zondra Tother', null);
insert into animal_visits_vet (animal_id, visit_date, Prescription, vet_name, next_visit) values (161, '1/12/2018', 'CARBAMAZEPINE', 'Helene Faulkner', null);
insert into animal_visits_vet (animal_id, visit_date, Prescription, vet_name, next_visit) values (171, '2/17/2018', 'ETHYL ALCOHOL', 'Oliviero Dun', null);
insert into animal_visits_vet (animal_id, visit_date, Prescription, vet_name, next_visit) values (98, '10/7/2017', 'Acetaminophen Doxylamine succinate and Phenylephrine Hydrochloride', 'Zondra Tother', null);
insert into animal_visits_vet (animal_id, visit_date, Prescription, vet_name, next_visit) values (108, '12/27/2017', 'Primidone', 'Zondra Tother', null);
insert into animal_visits_vet (animal_id, visit_date, Prescription, vet_name, next_visit) values (71, '9/18/2017', 'CARBAMAZEPINE', 'Helene Faulkner', null);
insert into animal_visits_vet (animal_id, visit_date, Prescription, vet_name, next_visit) values (29, '8/21/2017', 'AVOBENZONE OXYBENZONE OCTYL METHOXYCINNAMATE', 'Helene Faulkner', null);
insert into animal_visits_vet (animal_id, visit_date, Prescription, vet_name, next_visit) values (170, '5/30/2018', 'Chloroxylenol', 'Mickie Freddi', null);
insert into animal_visits_vet (animal_id, visit_date, Prescription, vet_name, next_visit) values (111, '10/14/2017', 'SODIUM MONOFLUOROPHOSPHATE', 'Erich Castell', null);
insert into animal_visits_vet (animal_id, visit_date, Prescription, vet_name, next_visit) values (19, '2/21/2018', 'Nortriptyline Hydrochloride', 'Erich Castell', null);
insert into animal_visits_vet (animal_id, visit_date, Prescription, vet_name, next_visit) values (116, '6/28/2017', 'Famotidine', 'Mickie Freddi', null);
insert into animal_visits_vet (animal_id, visit_date, Prescription, vet_name, next_visit) values (86, '2/21/2018', 'Acetaminophen Doxylamine succinate and Phenylephrine Hydrochloride', 'Oliviero Dun', null);
insert into animal_visits_vet (animal_id, visit_date, Prescription, vet_name, next_visit) values (34, '2/1/2018', 'Famotidine', 'Mickie Freddi', null);
insert into animal_visits_vet (animal_id, visit_date, Prescription, vet_name, next_visit) values (75, '9/7/2017', 'SODIUM MONOFLUOROPHOSPHATE', 'Zondra Tother', null);
insert into animal_visits_vet (animal_id, visit_date, Prescription, vet_name, next_visit) values (60, '4/23/2018', 'Chloroxylenol', 'Oliviero Dun', null);
insert into animal_visits_vet (animal_id, visit_date, Prescription, vet_name, next_visit) values (76, '5/1/2018', 'Famotidine', 'Mickie Freddi', null);
insert into animal_visits_vet (animal_id, visit_date, Prescription, vet_name, next_visit) values (23, '11/25/2017', 'SODIUM MONOFLUOROPHOSPHATE', 'Erich Castell', null);
insert into animal_visits_vet (animal_id, visit_date, Prescription, vet_name, next_visit) values (36, '5/18/2018', 'Famotidine', 'Helene Faulkner', null);
insert into animal_visits_vet (animal_id, visit_date, Prescription, vet_name, next_visit) values (126, '9/8/2017', 'AVOBENZONE OXYBENZONE OCTYL METHOXYCINNAMATE', 'Mickie Freddi', null);
insert into animal_visits_vet (animal_id, visit_date, Prescription, vet_name, next_visit) values (143, '6/11/2017', 'Famotidine', 'Oliviero Dun', null);
insert into animal_visits_vet (animal_id, visit_date, Prescription, vet_name, next_visit) values (188, '3/1/2018', 'Chloroxylenol', 'Erich Castell', null);
insert into animal_visits_vet (animal_id, visit_date, Prescription, vet_name, next_visit) values (148, '7/2/2017', 'CARBAMAZEPINE', 'Zondra Tother', null);
insert into animal_visits_vet (animal_id, visit_date, Prescription, vet_name, next_visit) values (127, '6/9/2017', 'Chloroxylenol', 'Helene Faulkner', null);
insert into animal_visits_vet (animal_id, visit_date, Prescription, vet_name, next_visit) values (160, '6/20/2017', 'Famotidine', 'Mickie Freddi', null);
insert into animal_visits_vet (animal_id, visit_date, Prescription, vet_name, next_visit) values (145, '8/23/2017', 'CARBAMAZEPINE', 'Mickie Freddi', null);
insert into animal_visits_vet (animal_id, visit_date, Prescription, vet_name, next_visit) values (11, '12/28/2017', 'Primidone', 'Erich Castell', null);
insert into animal_visits_vet (animal_id, visit_date, Prescription, vet_name, next_visit) values (67, '7/6/2017', 'SODIUM MONOFLUOROPHOSPHATE', 'Oliviero Dun', null);
insert into animal_visits_vet (animal_id, visit_date, Prescription, vet_name, next_visit) values (10, '12/23/2017', 'Famotidine', 'Erich Castell', null);
insert into animal_visits_vet (animal_id, visit_date, Prescription, vet_name, next_visit) values (148, '6/16/2017', 'Ibuprofen', 'Helene Faulkner', null);

insert into animal_is_diagnosed (diagnosis_name, animal_id, visit_date) values ('Pregnant', 56, '10/17/2017');
insert into animal_is_diagnosed (diagnosis_name, animal_id, visit_date) values ('Broken leg', 22, '1/21/2018');
insert into animal_is_diagnosed (diagnosis_name, animal_id, visit_date) values ('Ill', 157, '10/26/2017');
insert into animal_is_diagnosed (diagnosis_name, animal_id, visit_date) values ('Ill', 3, '10/20/2017');
insert into animal_is_diagnosed (diagnosis_name, animal_id, visit_date) values ('Malaria', 150, '12/16/2017');
insert into animal_is_diagnosed (diagnosis_name, animal_id, visit_date) values ('Diabetes', 139, '1/31/2018');
insert into animal_is_diagnosed (diagnosis_name, animal_id, visit_date) values ('Broken leg', 6, '10/11/2017');
insert into animal_is_diagnosed (diagnosis_name, animal_id, visit_date) values ('Malaria', 144, '9/27/2017');
insert into animal_is_diagnosed (diagnosis_name, animal_id, visit_date) values ('Broken arm', 164, '9/12/2017');
insert into animal_is_diagnosed (diagnosis_name, animal_id, visit_date) values ('Diabetes', 41, '3/7/2018');
insert into animal_is_diagnosed (diagnosis_name, animal_id, visit_date) values ('Broken arm', 66, '3/18/2018');
insert into animal_is_diagnosed (diagnosis_name, animal_id, visit_date) values ('Broken arm', 150, '11/7/2017');
insert into animal_is_diagnosed (diagnosis_name, animal_id, visit_date) values ('Malaria', 25, '10/27/2017');
insert into animal_is_diagnosed (diagnosis_name, animal_id, visit_date) values ('Broken arm', 179, '3/18/2018');
insert into animal_is_diagnosed (diagnosis_name, animal_id, visit_date) values ('Ill', 172, '8/21/2017');
insert into animal_is_diagnosed (diagnosis_name, animal_id, visit_date) values ('Diabetes', 195, '12/9/2017');
insert into animal_is_diagnosed (diagnosis_name, animal_id, visit_date) values ('Broken arm', 68, '9/9/2017');
insert into animal_is_diagnosed (diagnosis_name, animal_id, visit_date) values ('Broken leg', 68, '4/3/2018');
insert into animal_is_diagnosed (diagnosis_name, animal_id, visit_date) values ('Malaria', 97, '4/25/2018');
insert into animal_is_diagnosed (diagnosis_name, animal_id, visit_date) values ('Pregnant', 30, '6/6/2017');
insert into animal_is_diagnosed (diagnosis_name, animal_id, visit_date) values ('Diabetes', 192, '9/13/2017');
insert into animal_is_diagnosed (diagnosis_name, animal_id, visit_date) values ('Broken leg', 102, '11/13/2017');
insert into animal_is_diagnosed (diagnosis_name, animal_id, visit_date) values ('Broken leg', 161, '1/12/2018');
insert into animal_is_diagnosed (diagnosis_name, animal_id, visit_date) values ('Pregnant', 171, '2/17/2018');
insert into animal_is_diagnosed (diagnosis_name, animal_id, visit_date) values ('Pregnant', 98, '10/7/2017');
insert into animal_is_diagnosed (diagnosis_name, animal_id, visit_date) values ('Pregnant', 108, '12/27/2017');
insert into animal_is_diagnosed (diagnosis_name, animal_id, visit_date) values ('Ill', 71, '9/18/2017');
insert into animal_is_diagnosed (diagnosis_name, animal_id, visit_date) values ('Ill', 29, '8/21/2017');
insert into animal_is_diagnosed (diagnosis_name, animal_id, visit_date) values ('Ill', 170, '5/30/2018');
insert into animal_is_diagnosed (diagnosis_name, animal_id, visit_date) values ('Ill', 111, '10/14/2017');
insert into animal_is_diagnosed (diagnosis_name, animal_id, visit_date) values ('Malaria', 19, '2/21/2018');
insert into animal_is_diagnosed (diagnosis_name, animal_id, visit_date) values ('Broken arm', 116, '6/28/2017');
insert into animal_is_diagnosed (diagnosis_name, animal_id, visit_date) values ('Broken leg', 86, '2/21/2018');
insert into animal_is_diagnosed (diagnosis_name, animal_id, visit_date) values ('Broken leg', 34, '2/1/2018');
insert into animal_is_diagnosed (diagnosis_name, animal_id, visit_date) values ('Broken arm', 75, '9/7/2017');
insert into animal_is_diagnosed (diagnosis_name, animal_id, visit_date) values ('Malaria', 60, '4/23/2018');
insert into animal_is_diagnosed (diagnosis_name, animal_id, visit_date) values ('Ill', 76, '5/1/2018');
insert into animal_is_diagnosed (diagnosis_name, animal_id, visit_date) values ('Diabetes', 23, '11/25/2017');
insert into animal_is_diagnosed (diagnosis_name, animal_id, visit_date) values ('Broken leg', 36, '5/18/2018');
insert into animal_is_diagnosed (diagnosis_name, animal_id, visit_date) values ('Ill', 126, '9/8/2017');
insert into animal_is_diagnosed (diagnosis_name, animal_id, visit_date) values ('Malaria', 143, '6/11/2017');
insert into animal_is_diagnosed (diagnosis_name, animal_id, visit_date) values ('Broken arm', 188, '3/1/2018');
insert into animal_is_diagnosed (diagnosis_name, animal_id, visit_date) values ('Malaria', 148, '7/2/2017');
insert into animal_is_diagnosed (diagnosis_name, animal_id, visit_date) values ('Ill', 127, '6/9/2017');
insert into animal_is_diagnosed (diagnosis_name, animal_id, visit_date) values ('Broken leg', 160, '6/20/2017');
insert into animal_is_diagnosed (diagnosis_name, animal_id, visit_date) values ('Ill', 145, '8/23/2017');
insert into animal_is_diagnosed (diagnosis_name, animal_id, visit_date) values ('Diabetes', 11, '12/28/2017');
insert into animal_is_diagnosed (diagnosis_name, animal_id, visit_date) values ('Malaria', 67, '7/6/2017');
insert into animal_is_diagnosed (diagnosis_name, animal_id, visit_date) values ('Diabetes', 10, '12/23/2017');
insert into animal_is_diagnosed (diagnosis_name, animal_id, visit_date) values ('Ill', 148, '6/16/2017');

insert into animal_parent values (101, 20),
                                 (101, 55),
                                 (102, 15),
                                 (102, 51),
                                 (103, 25),
                                 (103, 65),
                                 (104, 32),
                                 (104, 91),
                                 (105, 28),
                                 (105, 83),
                                 (106, 7),
                                 (106, 79),
                                 (107, 8),
                                 (107, 73),
                                 (108, 18),
                                 (108, 97),
                                 (109, 32),
                                 (109, 94),
                                 (110, 16),
                                 (110, 55),
                                 (111, 45),
                                 (111, 97),
                                 (112, 6),
                                 (112, 96),
                                 (113, 15),
                                 (113, 52),
                                 (114, 33),
                                 (114, 66),
                                 (115, 29),
                                 (115, 73),
                                 (116, 35),
                                 (116, 90),
                                 (117, 40),
                                 (117, 98),
                                 (118, 49),
                                 (118, 78),
                                 (119, 40),
                                 (119, 98),
                                 (120, 36),
                                 (120, 90),
                                 (121, 48),
                                 (121, 69),
                                 (122, 7),
                                 (122, 80),
                                 (123, 50),
                                 (123, 69),
                                 (124, 33),
                                 (124, 77),
                                 (125, 40),
                                 (125, 73),
                                 (126, 7),
                                 (126, 85),
                                 (127, 42),
                                 (127, 67),
                                 (128, 25),
                                 (128, 97),
                                 (129, 49),
                                 (129, 93),
                                 (130, 27),
                                 (130, 66),
                                 (131, 31),
                                 (131, 88),
                                 (132, 14),
                                 (132, 96),
                                 (133, 28),
                                 (133, 68);

